"Reference","Qty","Value","DNP","Exclude from BOM","Exclude from Board","Footprint","Datasheet","DIGIKEY_PART_NUMBER","MANUFACTURER","MANUFACTURER_PART_NUMBER","Description"
"C1","1","4.7nF","","","","0805","https://product.tdk.com/system/files/dam/doc/product/capacitor/ceramic/mlcc/catalog/mlcc_commercial_general_en.pdf","445-5972-1-ND","TDK","C2012X7R1E475K125AB","CAP CER 4.7UF 25V X7R 0805"
"C2","1","0.022uF 50V","","","","1206","https://search.murata.co.jp/Ceramy/image/img/A01X/G101/ENG/GRM31CR72E104KW03-01.pdf","490-3542-2-ND","","GRM31CR72E104KW03L","CAP CER 0.1UF 250V X7R 1206"
"C3","1","1nF","","","","","","","","","Unpolarized capacitor"
"C4","1","0.1uF","","","","","","","","","Unpolarized capacitor"
"C5","1","0.1uF","","","","","","","","","Unpolarized capacitor"
"C6","1","1nF 2%","","","","402","https://search.murata.co.jp/Ceramy/image/img/A01X/G101/ENG/GRM1555C1H102FA01-01A.pdf","490-GRM1555C1H102FA01JTR-ND","","GRM1555C1H102FA01J","CAP CER 1000PF 50V C0G/NP0 0402"
"C7","1","1uF","","","","402","https://search.murata.co.jp/Ceramy/image/img/A01X/G101/ENG/GRM1555C1H102FA01-01A.pdf","490-GRM1555C1H102FA01JTR-ND","","GRM1555C1H102FA01J","CAP CER 1000PF 50V C0G/NP0 0402"
"C8","1","0.1uF 100V","","","","1206","https://search.murata.co.jp/Ceramy/image/img/A01X/G101/ENG/GRM31CR72E104KW03-01.pdf","490-3542-2-ND","","GRM31CR72E104KW03L","CAP CER 0.1UF 250V X7R 1206"
"C9","1","1uF","","","","402","https://search.murata.co.jp/Ceramy/image/img/A01X/G101/ENG/GRM1555C1H102FA01-01A.pdf","490-GRM1555C1H102FA01JTR-ND","","GRM1555C1H102FA01J","CAP CER 1000PF 50V C0G/NP0 0402"
"C10","1","10uF 100V","","","","1206","https://search.murata.co.jp/Ceramy/image/img/A01X/G101/ENG/GRM31CR72E104KW03-01.pdf","490-3542-2-ND","","GRM31CR72E104KW03L","CAP CER 0.1UF 250V X7R 1206"
"C11","1","47pF","","","","402","https://search.murata.co.jp/Ceramy/image/img/A01X/G101/ENG/GRM1555C1H102FA01-01A.pdf","490-GRM1555C1H102FA01JTR-ND","","GRM1555C1H102FA01J","CAP CER 1000PF 50V C0G/NP0 0402"
"C12","1","0.1uF","","","","","","","","","Unpolarized capacitor"
"C13","1","4.7uF","","","","","","","","","Unpolarized capacitor"
"C14","1","27pF","","","","","","","","","Unpolarized capacitor"
"C15","1","0.1uF","","","","","","","","","Unpolarized capacitor"
"C16","1","27pF","","","","","","","","","Unpolarized capacitor"
"C17","1","470pF","","","","","","","","","Unpolarized capacitor"
"C18","1","1uF","","","","","","","","","Unpolarized capacitor"
"C19","1","0.1uF","","","","","","","","","Unpolarized capacitor"
"C20","1","0.1uF","","","","","","","","","Unpolarized capacitor"
"C21","1","0.1uF","","","","","","","","","Unpolarized capacitor"
"C22","1","0.1uF","","","","","","","","","Unpolarized capacitor"
"C23","1","0.1uF","","","","","","","","","Unpolarized capacitor"
"C24","1","0.1uF","","","","","","","","","Unpolarized capacitor"
"C25","1","0.1uF","","","","","","","","","Unpolarized capacitor"
"C26","1","0.1uF","","","","","","","","","Unpolarized capacitor"
"C27","1","4.7uF","","","","0805","https://product.tdk.com/system/files/dam/doc/product/capacitor/ceramic/mlcc/catalog/mlcc_commercial_general_en.pdf","445-5972-1-ND","TDK","C2012X7R1E475K125AB","CAP CER 4.7UF 25V X7R 0805"
"C28","1","1uF","","","","","","","","","Unpolarized capacitor"
"C29","1","12pF","","","","","","","","","Unpolarized capacitor"
"C30","1","4.7uF","","","","","","","","","Unpolarized capacitor"
"C31","1","12pF","","","","","","","","","Unpolarized capacitor"
"C32","1","10uF","","","","1206","https://product.tdk.com/system/files/dam/doc/product/capacitor/ceramic/mlcc/catalog/mlcc_commercial_general_en.pdf","445-7705-1-ND","TDK","C3216X7R1E106K160AB","CAP CER 10UF 25V X7R 1206"
"C33","1","4.7uF","","","","","","","","","Unpolarized capacitor"
"C34","1","2.2uF","","","","","","","","","Unpolarized capacitor"
"C35","1","0.1uF","","","","","","","","","Unpolarized capacitor"
"C36","1","2.2uF","","","","","","","","","Unpolarized capacitor"
"C37","1","1nF","","","","","","","","","Unpolarized capacitor"
"C38","1","2.2uF","","","","","","","","","Unpolarized capacitor"
"C39","1","2.2uF","","","","","","","","","Unpolarized capacitor"
"C40","1","1uF","","","","","","","","","Unpolarized capacitor"
"C41","1","0.1uF","","","","","","","","","Unpolarized capacitor"
"C42","1","4.7nF","","","","0805","https://product.tdk.com/system/files/dam/doc/product/capacitor/ceramic/mlcc/catalog/mlcc_commercial_general_en.pdf","445-5972-1-ND","TDK","C2012X7R1E475K125AB","CAP CER 4.7UF 25V X7R 0805"
"C43","1","100nF","","","","0805","https://product.tdk.com/system/files/dam/doc/product/capacitor/ceramic/mlcc/catalog/mlcc_commercial_general_en.pdf","445-5972-1-ND","TDK","C2012X7R1E475K125AB","CAP CER 4.7UF 25V X7R 0805"
"C44","1","1nF","","","","0805","https://product.tdk.com/system/files/dam/doc/product/capacitor/ceramic/mlcc/catalog/mlcc_commercial_general_en.pdf","445-5972-1-ND","TDK","C2012X7R1E475K125AB","CAP CER 4.7UF 25V X7R 0805"
"C45","1","1uF","","","","","","","","","Unpolarized capacitor"
"C46","1","4.7uF","","","","0805","https://product.tdk.com/system/files/dam/doc/product/capacitor/ceramic/mlcc/catalog/mlcc_commercial_general_en.pdf","445-5972-1-ND","TDK","C2012X7R1E475K125AB","CAP CER 4.7UF 25V X7R 0805"
"C47","1","1uF","","","","","","","","","Unpolarized capacitor"
"C48","1","0.1uF","","","","","","","","","Unpolarized capacitor"
"C49","1","0.47uF","","","","","","","","","Unpolarized capacitor"
"C50","1","10uF","","","","1206","https://product.tdk.com/system/files/dam/doc/product/capacitor/ceramic/mlcc/catalog/mlcc_commercial_general_en.pdf","445-7705-1-ND","TDK","C3216X7R1E106K160AB","CAP CER 10UF 25V X7R 1206"
"C51","1","0.1uF","","","","","","","","","Unpolarized capacitor"
"C52","1","1uF","","","","","","","","","Unpolarized capacitor"
"C53","1","0.1uF","","","","","","","","","Unpolarized capacitor"
"C54","1","0.1uF","","","","","","","","","Unpolarized capacitor"
"C55","1","0.1uF","","","","","","","","","Unpolarized capacitor"
"C56","1","0.1uF","","","","","","","","","Unpolarized capacitor"
"C57","1","1uF","","","","","","","","","Unpolarized capacitor"
"C58","1","0.1uF","","","","","","","","","Unpolarized capacitor"
"C59","1","10uF","","","","","","","","","Unpolarized capacitor"
"C60","1","0.1uF","","","","","","","","","Unpolarized capacitor"
"C61","1","0.1uF","","","","","","","","","Unpolarized capacitor"
"C62","1","1nF","","","","","","","","","Unpolarized capacitor"
"C63","1","10nF","","","","402","https://search.murata.co.jp/Ceramy/image/img/A01X/G101/ENG/GRM155R71C103KA01-01.pdf","490-1313-2-ND","","GRM155R71C103KA01D","CAP CER 10000PF 16V X7R 0402"
"C64","1","10uF","","","","805","https://search.murata.co.jp/Ceramy/image/img/A01X/G101/ENG/GRM21BZ71C106KE15-01A.pdf","490-GRM21BZ71C106KE15LTR-ND","","GRM21BZ71C106KE15L","CAP CER 10UF 16V X7R 0805"
"C65","1","10uF","","","","805","https://search.murata.co.jp/Ceramy/image/img/A01X/G101/ENG/GRM21BZ71C106KE15-01A.pdf","490-GRM21BZ71C106KE15LTR-ND","","GRM21BZ71C106KE15L","CAP CER 10UF 16V X7R 0805"
"C66","1","10uF","","","","805","https://search.murata.co.jp/Ceramy/image/img/A01X/G101/ENG/GRM21BZ71C106KE15-01A.pdf","490-GRM21BZ71C106KE15LTR-ND","","GRM21BZ71C106KE15L","CAP CER 10UF 16V X7R 0805"
"C67","1","0.1uF","","","","402","https://search.murata.co.jp/Ceramy/image/img/A01X/G101/ENG/GRM155R71C104KA88-01.pdf","490-6328-2-ND","","GRM155R71C104KA88J","CAP CER 0.1UF 16V X7R 0402"
"C68","1","0.1uF","","","","402","https://search.murata.co.jp/Ceramy/image/img/A01X/G101/ENG/GRM155R71C104KA88-01.pdf","490-6328-2-ND","","GRM155R71C104KA88J","CAP CER 0.1UF 16V X7R 0402"
"C69","1","4.7nF","","","","402","https://search.murata.co.jp/Ceramy/image/img/A01X/G101/ENG/GRM155R71C472KA01-01.pdf","490-6334-2-ND","","GRM155R71C472KA01D","CAP CER 4700PF 16V X7R 0402"
"C70","1","4.7nF","","","","402","https://search.murata.co.jp/Ceramy/image/img/A01X/G101/ENG/GRM155R71C472KA01-01.pdf","490-6334-2-ND","","GRM155R71C472KA01D","CAP CER 4700PF 16V X7R 0402"
"C71","1","47uF","","","","1210","https://search.murata.co.jp/Ceramy/image/img/A01X/G101/ENG/GRM32EC81C476KE15-01.pdf","490-16309-2-ND","","GRM32EC81C476KE15K","CAP CER 47UF 16V X6S 1210"
"C72","1","47uF","","","","1210","https://search.murata.co.jp/Ceramy/image/img/A01X/G101/ENG/GRM32EC81C476KE15-01.pdf","490-16309-2-ND","","GRM32EC81C476KE15K","CAP CER 47UF 16V X6S 1210"
"C73","1","10uF","","","","805","https://search.murata.co.jp/Ceramy/image/img/A01X/G101/ENG/GRM21BZ71C106KE15-01A.pdf","490-GRM21BZ71C106KE15LTR-ND","","GRM21BZ71C106KE15L","CAP CER 10UF 16V X7R 0805"
"C74","1","10uF","","","","805","https://search.murata.co.jp/Ceramy/image/img/A01X/G101/ENG/GRM21BZ71C106KE15-01A.pdf","490-GRM21BZ71C106KE15LTR-ND","","GRM21BZ71C106KE15L","CAP CER 10UF 16V X7R 0805"
"C75","1","2.2uF 100V","","","","805","https://search.murata.co.jp/Ceramy/image/img/A01X/G101/ENG/GRM21BD72A225ME01-01A.pdf","490-GRM21BD72A225ME01KTR-ND","","GRM21BD72A225ME01K","CAP CER 2.2UF 100V X7T 0805"
"C76","1","10uF","","","","805","https://search.murata.co.jp/Ceramy/image/img/A01X/G101/ENG/GRM21BZ71C106KE15-01A.pdf","490-GRM21BZ71C106KE15LTR-ND","","GRM21BZ71C106KE15L","CAP CER 10UF 16V X7R 0805"
"C77","1","2.2uF 100V","","","","805","https://search.murata.co.jp/Ceramy/image/img/A01X/G101/ENG/GRM21BD72A225ME01-01A.pdf","490-GRM21BD72A225ME01KTR-ND","","GRM21BD72A225ME01K","CAP CER 2.2UF 100V X7T 0805"
"C78","1","10uF","","","","805","https://search.murata.co.jp/Ceramy/image/img/A01X/G101/ENG/GRM21BZ71C106KE15-01A.pdf","490-GRM21BZ71C106KE15LTR-ND","","GRM21BZ71C106KE15L","CAP CER 10UF 16V X7R 0805"
"C79","1","1uF 100V","","","","603","https://search.murata.co.jp/Ceramy/image/img/A01X/G101/ENG/GRM188D72A105KE01-01A.pdf","490-GRM188D72A105KE01WTR-ND","","GRM188D72A105KE01W","CAP CER 1UF 100V X7T 0603"
"C80","1","2.2uF 100V","","","","805","https://search.murata.co.jp/Ceramy/image/img/A01X/G101/ENG/GRM21BD72A225ME01-01A.pdf","490-GRM21BD72A225ME01KTR-ND","","GRM21BD72A225ME01K","CAP CER 2.2UF 100V X7T 0805"
"C81","1","4.7uF","","","","805","https://search.murata.co.jp/Ceramy/image/img/A01X/G101/ENG/GRM21BR71C475KE51-01A.pdf","490-GRM21BR71C475KE51KTR-ND","","GRM21BR71C475KE51K","CAP CER 4.7UF 16V X7R 0805"
"C82","1","2.2uF","","","","603","https://search.murata.co.jp/Ceramy/image/img/A01X/G101/ENG/GRM188Z71C225KE43-01A.pdf","490-GRM188Z71C225KE43DTR-ND","","GRM188Z71C225KE43D","CAP CER 2.2UF 16V X7R 0603"
"C83","1","0.1uF","","","","","","","","","Unpolarized capacitor"
"C84","1","1uF","","","","","","","","","Unpolarized capacitor"
"C85","1","1uF","","","","","","","","","Unpolarized capacitor"
"C86","1","0.1uF","","","","","","","","","Unpolarized capacitor"
"C87","1","0.1uF","","","","","","","","","Unpolarized capacitor"
"C88","1","10uF","","","","","","","","","Unpolarized capacitor"
"C89","1","10uF","","","","","","","","","Unpolarized capacitor"
"C90","1","3F","","","","Radial","https://www.cde.com/resources/catalogs/DSF.pdf","338-DSF305Q3R0-ND","Cornell Dubilier Knowles","DSF305Q3R0","CAPACITOR 3F -10%, +30% 3V TH"
"C91","1","3F","","","","Radial","https://www.cde.com/resources/catalogs/DSF.pdf","338-DSF305Q3R0-ND","Cornell Dubilier Knowles","DSF305Q3R0","CAPACITOR 3F -10%, +30% 3V TH"
"C92","1","22uF","","","","","","","","","Unpolarized capacitor"
"C93","1","22uF","","","","","","","","","Unpolarized capacitor"
"C94","1","22uF","","","","","","","","","Unpolarized capacitor"
"C95","1","22uF","","","","","","","","","Unpolarized capacitor"
"C96","1","22uF","","","","","","","","","Unpolarized capacitor"
"C97","1","22uF","","","","","","","","","Unpolarized capacitor"
"C98","1","0.1uF","","","","805","https://search.murata.co.jp/Ceramy/image/img/A01X/G101/ENG/GRM21BZ71C106KE15-01A.pdf","490-GRM21BZ71C106KE15LTR-ND","","GRM21BZ71C106KE15L","CAP CER 10UF 16V X7R 0805"
"C99","1","0.1uF","","","","805","https://search.murata.co.jp/Ceramy/image/img/A01X/G101/ENG/GRM21BZ71C106KE15-01A.pdf","490-GRM21BZ71C106KE15LTR-ND","","GRM21BZ71C106KE15L","CAP CER 10UF 16V X7R 0805"
"C100","1","0.1uF","","","","805","https://search.murata.co.jp/Ceramy/image/img/A01X/G101/ENG/GRM21BZ71C106KE15-01A.pdf","490-GRM21BZ71C106KE15LTR-ND","","GRM21BZ71C106KE15L","CAP CER 10UF 16V X7R 0805"
"C101","1","0.1uF","","","","805","https://search.murata.co.jp/Ceramy/image/img/A01X/G101/ENG/GRM21BZ71C106KE15-01A.pdf","490-GRM21BZ71C106KE15LTR-ND","","GRM21BZ71C106KE15L","CAP CER 10UF 16V X7R 0805"
"C102","1","10uF","","","","805","https://search.murata.co.jp/Ceramy/image/img/A01X/G101/ENG/GRM21BZ71C106KE15-01A.pdf","490-GRM21BZ71C106KE15LTR-ND","","GRM21BZ71C106KE15L","CAP CER 10UF 16V X7R 0805"
"C103","1","10uF","","","","805","https://search.murata.co.jp/Ceramy/image/img/A01X/G101/ENG/GRM21BZ71C106KE15-01A.pdf","490-GRM21BZ71C106KE15LTR-ND","","GRM21BZ71C106KE15L","CAP CER 10UF 16V X7R 0805"
"C104","1","10uF","","","","805","https://search.murata.co.jp/Ceramy/image/img/A01X/G101/ENG/GRM21BZ71C106KE15-01A.pdf","490-GRM21BZ71C106KE15LTR-ND","","GRM21BZ71C106KE15L","CAP CER 10UF 16V X7R 0805"
"C105","1","10uF","","","","805","https://search.murata.co.jp/Ceramy/image/img/A01X/G101/ENG/GRM21BZ71C106KE15-01A.pdf","490-GRM21BZ71C106KE15LTR-ND","","GRM21BZ71C106KE15L","CAP CER 10UF 16V X7R 0805"
"C106","1","0.01uF","","","","805","https://search.murata.co.jp/Ceramy/image/img/A01X/G101/ENG/GRM21BZ71C106KE15-01A.pdf","490-GRM21BZ71C106KE15LTR-ND","","GRM21BZ71C106KE15L","CAP CER 10UF 16V X7R 0805"
"C107","1","0.1uF","","","","","","","","","Unpolarized capacitor"
"C108","1","4.7nF","","","","402","https://search.murata.co.jp/Ceramy/image/img/A01X/G101/ENG/GRM155R71C472KA01-01.pdf","490-6334-2-ND","","GRM155R71C472KA01D","CAP CER 4700PF 16V X7R 0402"
"C109","1","22uF","","","","805","https://search.murata.co.jp/Ceramy/image/img/A01X/G101/ENG/GRM21BZ71C106KE15-01A.pdf","490-GRM21BZ71C106KE15LTR-ND","","GRM21BZ71C106KE15L","CAP CER 10UF 16V X7R 0805"
"C110","1","10nF","","","","805","https://search.murata.co.jp/Ceramy/image/img/A01X/G101/ENG/GRM21BZ71C106KE15-01A.pdf","490-GRM21BZ71C106KE15LTR-ND","","GRM21BZ71C106KE15L","CAP CER 10UF 16V X7R 0805"
"C111","1","10uF","","","","805","https://search.murata.co.jp/Ceramy/image/img/A01X/G101/ENG/GRM21BZ71C106KE15-01A.pdf","490-GRM21BZ71C106KE15LTR-ND","","GRM21BZ71C106KE15L","CAP CER 10UF 16V X7R 0805"
"C112","1","10uF","","","","805","https://search.murata.co.jp/Ceramy/image/img/A01X/G101/ENG/GRM21BZ71C106KE15-01A.pdf","490-GRM21BZ71C106KE15LTR-ND","","GRM21BZ71C106KE15L","CAP CER 10UF 16V X7R 0805"
"C113","1","10uF","","","","805","https://search.murata.co.jp/Ceramy/image/img/A01X/G101/ENG/GRM21BZ71C106KE15-01A.pdf","490-GRM21BZ71C106KE15LTR-ND","","GRM21BZ71C106KE15L","CAP CER 10UF 16V X7R 0805"
"C114","1","10uF","","","","805","https://search.murata.co.jp/Ceramy/image/img/A01X/G101/ENG/GRM21BZ71C106KE15-01A.pdf","490-GRM21BZ71C106KE15LTR-ND","","GRM21BZ71C106KE15L","CAP CER 10UF 16V X7R 0805"
"C115","1","10uF","","","","805","https://search.murata.co.jp/Ceramy/image/img/A01X/G101/ENG/GRM21BZ71C106KE15-01A.pdf","490-GRM21BZ71C106KE15LTR-ND","","GRM21BZ71C106KE15L","CAP CER 10UF 16V X7R 0805"
"C116","1","10nF","","","","805","https://search.murata.co.jp/Ceramy/image/img/A01X/G101/ENG/GRM21BZ71C106KE15-01A.pdf","490-GRM21BZ71C106KE15LTR-ND","","GRM21BZ71C106KE15L","CAP CER 10UF 16V X7R 0805"
"C117","1","22uF","","","","805","https://search.murata.co.jp/Ceramy/image/img/A01X/G101/ENG/GRM21BZ71C106KE15-01A.pdf","490-GRM21BZ71C106KE15LTR-ND","","GRM21BZ71C106KE15L","CAP CER 10UF 16V X7R 0805"
"C118","1","0.1uF","","","","805","https://search.murata.co.jp/Ceramy/image/img/A01X/G101/ENG/GRM21BZ71C106KE15-01A.pdf","490-GRM21BZ71C106KE15LTR-ND","","GRM21BZ71C106KE15L","CAP CER 10UF 16V X7R 0805"
"C119","1","10nF","","","","402","https://search.murata.co.jp/Ceramy/image/img/A01X/G101/ENG/GRM155R71C103KA01-01.pdf","490-1313-2-ND","","GRM155R71C103KA01D","CAP CER 10000PF 16V X7R 0402"
"C120","1","0.1uF","","","","","","","","","Unpolarized capacitor"
"C121","1","0.1uF","","","","","","","","","Unpolarized capacitor"
"C122","1","0.1uF","","","","","","","","","Unpolarized capacitor"
"C123","1","0.1uF","","","","402","https://search.murata.co.jp/Ceramy/image/img/A01X/G101/ENG/GRM155R71C104KA88-01.pdf","490-6328-2-ND","","GRM155R71C104KA88J","CAP CER 0.1UF 16V X7R 0402"
"C124","1","0.1uF","","","","402","https://search.murata.co.jp/Ceramy/image/img/A01X/G101/ENG/GRM155R71C104KA88-01.pdf","490-6328-2-ND","","GRM155R71C104KA88J","CAP CER 0.1UF 16V X7R 0402"
"C125","1","47nF","","","","402","https://search.murata.co.jp/Ceramy/image/img/A01X/G101/ENG/GRM155R71C472KA01-01.pdf","490-6334-2-ND","","GRM155R71C472KA01D","CAP CER 4700PF 16V X7R 0402"
"C126","1","47uF","","","","1210","https://search.murata.co.jp/Ceramy/image/img/A01X/G101/ENG/GRM32EC81C476KE15-01.pdf","490-16309-2-ND","","GRM32EC81C476KE15K","CAP CER 47UF 16V X6S 1210"
"C127","1","47uF","","","","1210","https://search.murata.co.jp/Ceramy/image/img/A01X/G101/ENG/GRM32EC81C476KE15-01.pdf","490-16309-2-ND","","GRM32EC81C476KE15K","CAP CER 47UF 16V X6S 1210"
"C128","1","47uF","","","","1210","https://search.murata.co.jp/Ceramy/image/img/A01X/G101/ENG/GRM32EC81C476KE15-01.pdf","490-16309-2-ND","","GRM32EC81C476KE15K","CAP CER 47UF 16V X6S 1210"
"C129","1","2.2uF","","","","","","","","","Unpolarized capacitor"
"C130","1","1uF","","","","","","","","","Unpolarized capacitor"
"C131","1","0.1uF","","","","","","","","","Unpolarized capacitor"
"C132","1","0.1uF","","","","","","","","","Unpolarized capacitor"
"C133","1","2.2uF 100V","","","","805","https://search.murata.co.jp/Ceramy/image/img/A01X/G101/ENG/GRM21BD72A225ME01-01A.pdf","490-GRM21BD72A225ME01KTR-ND","","GRM21BD72A225ME01K","CAP CER 2.2UF 100V X7T 0805"
"C134","1","2.2uF 100V","","","","805","https://search.murata.co.jp/Ceramy/image/img/A01X/G101/ENG/GRM21BD72A225ME01-01A.pdf","490-GRM21BD72A225ME01KTR-ND","","GRM21BD72A225ME01K","CAP CER 2.2UF 100V X7T 0805"
"C135","1","1uF 100V","","","","603","https://search.murata.co.jp/Ceramy/image/img/A01X/G101/ENG/GRM188D72A105KE01-01A.pdf","490-GRM188D72A105KE01WTR-ND","","GRM188D72A105KE01W","CAP CER 1UF 100V X7T 0603"
"C136","1","2.2uF 100V","","","","805","https://search.murata.co.jp/Ceramy/image/img/A01X/G101/ENG/GRM21BD72A225ME01-01A.pdf","490-GRM21BD72A225ME01KTR-ND","","GRM21BD72A225ME01K","CAP CER 2.2UF 100V X7T 0805"
"C137","1","4.7uF","","","","805","https://search.murata.co.jp/Ceramy/image/img/A01X/G101/ENG/GRM21BR71C475KE51-01A.pdf","490-GRM21BR71C475KE51KTR-ND","","GRM21BR71C475KE51K","CAP CER 4.7UF 16V X7R 0805"
"C138","1","2.2uF","","","","603","https://search.murata.co.jp/Ceramy/image/img/A01X/G101/ENG/GRM188Z71C225KE43-01A.pdf","490-GRM188Z71C225KE43DTR-ND","","GRM188Z71C225KE43D","CAP CER 2.2UF 16V X7R 0603"
"C139","1","0.1uF","","","","402","https://search.murata.co.jp/Ceramy/image/img/A01X/G101/ENG/GRM1555C1H151JA01-01.pdf","490-3229-2-ND","","GRM1555C1H151JA01D","CAP CER 150PF 50V C0G/NP0 0402"
"C140","1","0.1uF","","","","402","https://search.murata.co.jp/Ceramy/image/img/A01X/G101/ENG/GRM1555C1H151JA01-01.pdf","490-3229-2-ND","","GRM1555C1H151JA01D","CAP CER 150PF 50V C0G/NP0 0402"
"C141","1","47pF","","","","402","https://search.murata.co.jp/Ceramy/image/img/A01X/G101/ENG/GRM1555C1H151JA01-01.pdf","490-3229-2-ND","","GRM1555C1H151JA01D","CAP CER 150PF 50V C0G/NP0 0402"
"C142","1","47pF","","","","402","https://search.murata.co.jp/Ceramy/image/img/A01X/G101/ENG/GRM1555C1H151JA01-01.pdf","490-3229-2-ND","","GRM1555C1H151JA01D","CAP CER 150PF 50V C0G/NP0 0402"
"C143","1","1uF","","","","402","https://search.murata.co.jp/Ceramy/image/img/A01X/G101/ENG/GRM1555C1H151JA01-01.pdf","490-3229-2-ND","","GRM1555C1H151JA01D","CAP CER 150PF 50V C0G/NP0 0402"
"C144","1","0.1uF","","","","402","https://search.murata.co.jp/Ceramy/image/img/A01X/G101/ENG/GRM1555C1H151JA01-01.pdf","490-3229-2-ND","","GRM1555C1H151JA01D","CAP CER 150PF 50V C0G/NP0 0402"
"C145","1","0.1uF","","","","402","https://search.murata.co.jp/Ceramy/image/img/A01X/G101/ENG/GRM1555C1H151JA01-01.pdf","490-3229-2-ND","","GRM1555C1H151JA01D","CAP CER 150PF 50V C0G/NP0 0402"
"C146","1","47pF","","","","402","https://search.murata.co.jp/Ceramy/image/img/A01X/G101/ENG/GRM1555C1H151JA01-01.pdf","490-3229-2-ND","","GRM1555C1H151JA01D","CAP CER 150PF 50V C0G/NP0 0402"
"C147","1","47pF","","","","402","https://search.murata.co.jp/Ceramy/image/img/A01X/G101/ENG/GRM1555C1H151JA01-01.pdf","490-3229-2-ND","","GRM1555C1H151JA01D","CAP CER 150PF 50V C0G/NP0 0402"
"C148","1","10nF","","","","402","https://search.murata.co.jp/Ceramy/image/img/A01X/G101/ENG/GRM1555C1H151JA01-01.pdf","490-3229-2-ND","","GRM1555C1H151JA01D","CAP CER 150PF 50V C0G/NP0 0402"
"C149","1","100nF","","","","","","","","","Unpolarized capacitor"
"C150","1","0.1uF","","","","","","","","","Unpolarized capacitor"
"C151","1","10nF","","","","","","","","","Unpolarized capacitor"
"C152","1","1uF","","","","0805","https://product.tdk.com/system/files/dam/doc/product/capacitor/ceramic/mlcc/catalog/mlcc_commercial_general_en.pdf","445-5972-1-ND","TDK","C2012X7R1E475K125AB","CAP CER 4.7UF 25V X7R 0805"
"C153","1","0.1uF","","","","0805","https://product.tdk.com/system/files/dam/doc/product/capacitor/ceramic/mlcc/catalog/mlcc_commercial_general_en.pdf","445-5972-1-ND","TDK","C2012X7R1E475K125AB","CAP CER 4.7UF 25V X7R 0805"
"C154","1","10uF","","","","0805","https://product.tdk.com/system/files/dam/doc/product/capacitor/ceramic/mlcc/catalog/mlcc_commercial_general_en.pdf","445-5972-1-ND","TDK","C2012X7R1E475K125AB","CAP CER 4.7UF 25V X7R 0805"
"C155","1","10nF","","","","","","","","","Unpolarized capacitor"
"C156","1","10uF","","","","1206","https://product.tdk.com/system/files/dam/doc/product/capacitor/ceramic/mlcc/catalog/mlcc_commercial_general_en.pdf","445-7705-1-ND","TDK","C3216X7R1E106K160AB","CAP CER 10UF 25V X7R 1206"
"C157","1","1uF","","","","0805","https://product.tdk.com/system/files/dam/doc/product/capacitor/ceramic/mlcc/catalog/mlcc_commercial_general_en.pdf","445-5972-1-ND","TDK","C2012X7R1E475K125AB","CAP CER 4.7UF 25V X7R 0805"
"C158","1","0.1uF","","","","0805","https://product.tdk.com/system/files/dam/doc/product/capacitor/ceramic/mlcc/catalog/mlcc_commercial_general_en.pdf","445-5972-1-ND","TDK","C2012X7R1E475K125AB","CAP CER 4.7UF 25V X7R 0805"
"C159","1","0.1uF","","","","0805","https://product.tdk.com/system/files/dam/doc/product/capacitor/ceramic/mlcc/catalog/mlcc_commercial_general_en.pdf","445-5972-1-ND","TDK","C2012X7R1E475K125AB","CAP CER 4.7UF 25V X7R 0805"
"C160","1","100nF","","","","","","","","","Unpolarized capacitor"
"C161","1","0.1uF","","","","0805","https://product.tdk.com/system/files/dam/doc/product/capacitor/ceramic/mlcc/catalog/mlcc_commercial_general_en.pdf","445-5972-1-ND","TDK","C2012X7R1E475K125AB","CAP CER 4.7UF 25V X7R 0805"
"C162","1","0.1uF","","","","0805","https://product.tdk.com/system/files/dam/doc/product/capacitor/ceramic/mlcc/catalog/mlcc_commercial_general_en.pdf","445-5972-1-ND","TDK","C2012X7R1E475K125AB","CAP CER 4.7UF 25V X7R 0805"
"C163","1","0.1uF","","","","0805","https://product.tdk.com/system/files/dam/doc/product/capacitor/ceramic/mlcc/catalog/mlcc_commercial_general_en.pdf","445-5972-1-ND","TDK","C2012X7R1E475K125AB","CAP CER 4.7UF 25V X7R 0805"
"C164","1","0.1uF","","","","0805","https://product.tdk.com/system/files/dam/doc/product/capacitor/ceramic/mlcc/catalog/mlcc_commercial_general_en.pdf","445-5972-1-ND","TDK","C2012X7R1E475K125AB","CAP CER 4.7UF 25V X7R 0805"
"C165","1","0.1uF","","","","0805","https://product.tdk.com/system/files/dam/doc/product/capacitor/ceramic/mlcc/catalog/mlcc_commercial_general_en.pdf","445-5972-1-ND","TDK","C2012X7R1E475K125AB","CAP CER 4.7UF 25V X7R 0805"
"C166","1","0.1uF","","","","0805","https://product.tdk.com/system/files/dam/doc/product/capacitor/ceramic/mlcc/catalog/mlcc_commercial_general_en.pdf","445-5972-1-ND","TDK","C2012X7R1E475K125AB","CAP CER 4.7UF 25V X7R 0805"
"C167","1","0.1uF","","","","0805","https://product.tdk.com/system/files/dam/doc/product/capacitor/ceramic/mlcc/catalog/mlcc_commercial_general_en.pdf","445-5972-1-ND","TDK","C2012X7R1E475K125AB","CAP CER 4.7UF 25V X7R 0805"
"C168","1","0.1uF","","","","0805","https://product.tdk.com/system/files/dam/doc/product/capacitor/ceramic/mlcc/catalog/mlcc_commercial_general_en.pdf","445-5972-1-ND","TDK","C2012X7R1E475K125AB","CAP CER 4.7UF 25V X7R 0805"
"C169","1","0.1uF","","","","0805","https://product.tdk.com/system/files/dam/doc/product/capacitor/ceramic/mlcc/catalog/mlcc_commercial_general_en.pdf","445-5972-1-ND","TDK","C2012X7R1E475K125AB","CAP CER 4.7UF 25V X7R 0805"
"C170","1","0.1uF","","","","0805","https://product.tdk.com/system/files/dam/doc/product/capacitor/ceramic/mlcc/catalog/mlcc_commercial_general_en.pdf","445-5972-1-ND","TDK","C2012X7R1E475K125AB","CAP CER 4.7UF 25V X7R 0805"
"C171","1","0.1uF","","","","0805","https://product.tdk.com/system/files/dam/doc/product/capacitor/ceramic/mlcc/catalog/mlcc_commercial_general_en.pdf","445-5972-1-ND","TDK","C2012X7R1E475K125AB","CAP CER 4.7UF 25V X7R 0805"
"C172","1","0.1uF","","","","0805","https://product.tdk.com/system/files/dam/doc/product/capacitor/ceramic/mlcc/catalog/mlcc_commercial_general_en.pdf","445-5972-1-ND","TDK","C2012X7R1E475K125AB","CAP CER 4.7UF 25V X7R 0805"
"C173","1","0.1uF","","","","0805","https://product.tdk.com/system/files/dam/doc/product/capacitor/ceramic/mlcc/catalog/mlcc_commercial_general_en.pdf","445-5972-1-ND","TDK","C2012X7R1E475K125AB","CAP CER 4.7UF 25V X7R 0805"
"C174","1","0.1uF","","","","0805","https://product.tdk.com/system/files/dam/doc/product/capacitor/ceramic/mlcc/catalog/mlcc_commercial_general_en.pdf","445-5972-1-ND","TDK","C2012X7R1E475K125AB","CAP CER 4.7UF 25V X7R 0805"
"C175","1","0.1uF","","","","0805","https://product.tdk.com/system/files/dam/doc/product/capacitor/ceramic/mlcc/catalog/mlcc_commercial_general_en.pdf","445-5972-1-ND","TDK","C2012X7R1E475K125AB","CAP CER 4.7UF 25V X7R 0805"
"C176","1","220nF","","","","0805","https://product.tdk.com/system/files/dam/doc/product/capacitor/ceramic/mlcc/catalog/mlcc_commercial_general_en.pdf","445-5972-1-ND","TDK","C2012X7R1E475K125AB","CAP CER 4.7UF 25V X7R 0805"
"C177","1","0.1uF","","","","0805","https://product.tdk.com/system/files/dam/doc/product/capacitor/ceramic/mlcc/catalog/mlcc_commercial_general_en.pdf","445-5972-1-ND","TDK","C2012X7R1E475K125AB","CAP CER 4.7UF 25V X7R 0805"
"C178","1","0.1uF","","","","0805","https://product.tdk.com/system/files/dam/doc/product/capacitor/ceramic/mlcc/catalog/mlcc_commercial_general_en.pdf","445-5972-1-ND","TDK","C2012X7R1E475K125AB","CAP CER 4.7UF 25V X7R 0805"
"C179","1","0.1uF","","","","0805","https://product.tdk.com/system/files/dam/doc/product/capacitor/ceramic/mlcc/catalog/mlcc_commercial_general_en.pdf","445-5972-1-ND","TDK","C2012X7R1E475K125AB","CAP CER 4.7UF 25V X7R 0805"
"C180","1","0.1uF","","","","0805","https://product.tdk.com/system/files/dam/doc/product/capacitor/ceramic/mlcc/catalog/mlcc_commercial_general_en.pdf","445-5972-1-ND","TDK","C2012X7R1E475K125AB","CAP CER 4.7UF 25V X7R 0805"
"C181","1","0.1uF","","","","0805","https://product.tdk.com/system/files/dam/doc/product/capacitor/ceramic/mlcc/catalog/mlcc_commercial_general_en.pdf","445-5972-1-ND","TDK","C2012X7R1E475K125AB","CAP CER 4.7UF 25V X7R 0805"
"D1","1","BAV70LT1G","","","","SOT-23-3","https://www.onsemi.com/pdf/datasheet/bav70lt1-d.pdf","BAV70LT1GOSTR-ND","","BAV70LT1G","DIODE ARR GP 100V 200MA SOT23-3"
"D2","1","DF6A6.8FUT1G","","","","Package_TO_SOT_SMD:SOT-363_SC-70-6","https://www.onsemi.com/pdf/datasheet/df6a6.8fut1-d.pdf","DF6A6.8FUT1GOSCT-ND","","DF6A6.8FUT1G","TVS DIODE 5VWM SC88/SC706/SOT363"
"D3","1","DF6A6.8FUT1G","","","","Package_TO_SOT_SMD:SOT-363_SC-70-6","https://www.onsemi.com/pdf/datasheet/df6a6.8fut1-d.pdf","DF6A6.8FUT1GOSCT-ND","","DF6A6.8FUT1G","TVS DIODE 5VWM SC88/SC706/SOT363"
"D4","1","12V","","","","","","","","","Zener diode"
"D5","1","IN-P55TATRGB","","","","Library:LED_IN-P55TATRGB","https://www.inolux-corp.com/datasheet/SMDLED/RGB%20Top%20View/IN-P55TATRGB.pdf","1830-1098-1-ND","","IN-P55TATRGB","LED RGB CLEAR 6PLCC SMD"
"D6","1","SMF5V0A","","","","Diode_SMD:D_SMF","https://www.vishay.com/doc?85881","","","","200W unidirectional Transil Transient Voltage Suppressor, 5Vrwm, SMF"
"D7","1","1.5SMCxxA","","","","Diode_SMD:D_SMC","https://www.vishay.com/docs/88303/15smc.pdf","","","","1500W unidirectional TVS diode, SMC (DO-201AB)"
"D8","1","SZESD7410MXWT5G","","","","","","","","",""
"D9","1","SZESD7410MXWT5G","","","","","","","","",""
"D10","1","BAT54J","","","","Diode_SMD:D_SOD-323F","https://assets.nexperia.com/documents/data-sheet/BAT54J.pdf","","","","30V 200mA Schottky diode, SOD-323F"
"D11","1","BAS16W","","","","Package_TO_SOT_SMD:SOT-323_SC-70","https://assets.nexperia.com/documents/data-sheet/BAS16_SER.pdf","","","","100V, 0.175A, High-speed Switching Diode, SOT-323"
"D12","1","BAT54S","","","","Package_TO_SOT_SMD:SOT-23","https://www.diodes.com/assets/Datasheets/ds11005.pdf","","","","Vr 30V, If 200mA, Dual schottky barrier diode, in series, SOT-323"
"D13","1","SMAJ15CA","","","","DO-214AC","https://www.we-online.com/catalog/datasheet/824501151.pdf","732-SMAJ15CATR-ND","","SMAJ15CA","TVS DIODE 15VWM 24.4VC DO214AC"
"D14","1","SMAJ15CA","","","","DO-214AC","https://www.we-online.com/catalog/datasheet/824501151.pdf","732-SMAJ15CATR-ND","","SMAJ15CA","TVS DIODE 15VWM 24.4VC DO214AC"
"D15","1","BAT54J","","","","Diode_SMD:D_SOD-323F","https://assets.nexperia.com/documents/data-sheet/BAT54J.pdf","","","","30V 200mA Schottky diode, SOD-323F"
"D16","1","3V3","","","","","","","","","Zener diode"
"D17","1","BAT54J","","","","Diode_SMD:D_SOD-323F","https://assets.nexperia.com/documents/data-sheet/BAT54J.pdf","","","","30V 200mA Schottky diode, SOD-323F"
"D18","1","BAT54S","","","","Package_TO_SOT_SMD:SOT-23","https://www.diodes.com/assets/Datasheets/ds11005.pdf","","","","Vr 30V, If 200mA, Dual schottky barrier diode, in series, SOT-323"
"D19","1","BAT54S","","","","Package_TO_SOT_SMD:SOT-23","https://www.diodes.com/assets/Datasheets/ds11005.pdf","","","","Vr 30V, If 200mA, Dual schottky barrier diode, in series, SOT-323"
"D20","1","3V3","","","","","","","","","Zener diode"
"D21","1","3V3","","","","","","","","","Zener diode"
"FB1","1","600","","","","1206","https://www.murata.com/en-us/products/productdata/8801529331742/ENFA0091.pdf","490-16533-1-ND","Murata Electronics","BLM31KN601SN1L","FERRITE BEAD 600 OHM 1206 1LN"
"FB2","1","600","","","","1206","https://www.murata.com/en-us/products/productdata/8801529331742/ENFA0091.pdf","490-16533-1-ND","Murata Electronics","BLM31KN601SN1L","FERRITE BEAD 600 OHM 1206 1LN"
"FB3","1","600","","","","1206","https://www.murata.com/en-us/products/productdata/8801529331742/ENFA0091.pdf","490-16533-1-ND","Murata Electronics","BLM31KN601SN1L","FERRITE BEAD 600 OHM 1206 1LN"
"FB4","1","120","","","","0402","https://www.murata.com/en-us/products/productdata/8796742189086/QNFA9111.pdf","490-15018-1-ND","Murata Electronics","BLM15HB121SH1D","FERRITE BEAD 120 OHM 0402 1LN"
"FB5","1","600","","","","1206","https://www.murata.com/en-us/products/productdata/8801529331742/ENFA0091.pdf","490-16533-1-ND","Murata Electronics","BLM31KN601SN1L","FERRITE BEAD 600 OHM 1206 1LN"
"FB6","1","600","","","","1206","https://www.murata.com/en-us/products/productdata/8801529331742/ENFA0091.pdf","490-16533-1-ND","Murata Electronics","BLM31KN601SN1L","FERRITE BEAD 600 OHM 1206 1LN"
"FB7","1","600","","","","1206","https://www.murata.com/en-us/products/productdata/8801529331742/ENFA0091.pdf","490-16533-1-ND","Murata Electronics","BLM31KN601SN1L","FERRITE BEAD 600 OHM 1206 1LN"
"FB8","1","600","","","","1206","https://www.murata.com/en-us/products/productdata/8801529331742/ENFA0091.pdf","490-16533-1-ND","Murata Electronics","BLM31KN601SN1L","FERRITE BEAD 600 OHM 1206 1LN"
"FB9","1","600","","","","1206","https://www.murata.com/en-us/products/productdata/8801529331742/ENFA0091.pdf","490-16533-1-ND","Murata Electronics","BLM31KN601SN1L","FERRITE BEAD 600 OHM 1206 1LN"
"FB10","1","600","","","","1206","https://www.murata.com/en-us/products/productdata/8801529331742/ENFA0091.pdf","490-16533-1-ND","Murata Electronics","BLM31KN601SN1L","FERRITE BEAD 600 OHM 1206 1LN"
"J1","1","0826-1X1T-HS-F","","","","","https://www.belfuse.com/resources/brochures/magneticsolutions/br-mag-1g_2gbase-t-100w-poe-icms.pdf","507-2168-ND","Bel Fuse","0826-1X1T-HS-F","CONN JACK 1PORT 1000 BASE-T PCB"
"J2","1","Conn_01x04_Pin","","","","","","","","","Generic connector, single row, 01x04, script generated"
"J3","1","Conn_01x06_Pin","","","","Library:GCT_BG055-06A-1-0450-0530-0350-L-D","https://gct.co/files/specs/2.54mm-header-spec.pdf","2073-BG055-06A-1-0450-0530-0350-L-D-ND","","BG055-06A-1-0450-0530-0350-L-D","6W, 2.54MM PITCH PIN HDR, SIL, S"
"J4","1","Conn_01x14_Pin","","","","","","","","","Generic connector, single row, 01x14, script generated"
"J5","1","USB4120-03-C_REVA6","","","","USB4120-03-C_REVA6:GCT_USB4120-03-C_REVA6","","","Global Connector Technology","",""
"J6","1","DE9_Socket_MountingHoles","","","","","","","","","9-pin D-SUB connector, socket (female), Mounting Hole"
"J7","1","Conn_Coaxial","","","","","","","","","coaxial connector (BNC, SMA, SMB, SMC, Cinch/RCA, LEMO, ...)"
"J8","1","Conn_Coaxial","","","","","","","","","coaxial connector (BNC, SMA, SMB, SMC, Cinch/RCA, LEMO, ...)"
"J9","1","Conn_Coaxial","","","","","","","","","coaxial connector (BNC, SMA, SMB, SMC, Cinch/RCA, LEMO, ...)"
"J10","1","Conn_01x02_Pin","","","","","","","","","Generic connector, single row, 01x02, script generated"
"J11","1","Conn_01x08_Pin","","","","","","","","","Generic connector, single row, 01x08, script generated"
"K1","1","G6K-2F-Y DC3","","","","","http://omronfs.omron.com/en_US/ecb/products/pdf/en-g6k.pdf","","","","Miniature 2-pole relay, Single-side Stable"
"L1","1","47nH","","","","0402","https://search.murata.co.jp/Ceramy/image/img/P02/JELF243B-0010.pdf","490-2631-1-ND","Murata Electronics","LQG15HS47NJ02D","FIXED IND 47NH 300MA 720 MOHM"
"L2","1","6.8uH","","","","","https://www.bourns.com/docs/Product-Datasheets/SRP1265A.pdf","SRP1265A-6R8MTR-ND","","SRP1265A-6R8M","FIXED IND 6.8UH 11.5A 11.5 MOHM"
"L3","1","2.2uH","","","","","https://www.eaton.com/content/dam/eaton/products/electronic-components/resources/data-sheet/eaton-dr-high-power-density-high-efficiency-shielded-drum-core-power-inductors-data-sheet.pdf","283-DR73-2R2-RTR-ND","","DR73-2R2-R","FIXED IND 2.2UH 4.15A 16.5 MOHM"
"L4","1","2.2uH","","","","","","","","","Inductor"
"L5","1","2.2uH","","","","","","","","","Inductor"
"L6","1","2.2uH","","","","","https://www.eaton.com/content/dam/eaton/products/electronic-components/resources/data-sheet/eaton-dr-high-power-density-high-efficiency-shielded-drum-core-power-inductors-data-sheet.pdf","283-DR73-2R2-RTR-ND","","DR73-2R2-R","FIXED IND 2.2UH 4.15A 16.5 MOHM"
"L7","1","40uH","","","","","https://www.bourns.com/docs/Product-Datasheets/SRP1265A.pdf","SRP1265A-6R8MTR-ND","","SRP1265A-6R8M","FIXED IND 6.8UH 11.5A 11.5 MOHM"
"L8","1","600 100MHz","","","","","https://www.fair-rite.com/wp-content/themes/fair-rite/print_product.php?pid=19181","1934-1487-2-ND","","2508056017Y2","FERRITE BEAD 600 OHM 0805 3LN"
"L9","1","600 100MHz","","","","","https://www.fair-rite.com/wp-content/themes/fair-rite/print_product.php?pid=19181","1934-1487-2-ND","","2508056017Y2","FERRITE BEAD 600 OHM 0805 3LN"
"Q1","1","BC847W","","","","Package_TO_SOT_SMD:SOT-323_SC-70","http://www.infineon.com/dgdl/Infineon-BC847SERIES_BC848SERIES_BC849SERIES_BC850SERIES-DS-v01_01-en.pdf?fileId=db3a304314dca389011541d4630a1657","","","","0.1A Ic, 45V Vce, NPN Transistor, SOT-323"
"Q2","1","FDMC8622","","","","8-PowerWDFN","https://www.onsemi.com/pdf/datasheet/fdmc8622-d.pdf","FDMC8622TR-ND","","FDMC8622","MOSFET N-CH 100V 4A/16A 8MLP"
"Q3","1","BC857W","","","","Package_TO_SOT_SMD:SOT-323_SC-70","http://www.infineon.com/dgdl/Infineon-BC857SERIES_BC858SERIES_BC859SERIES_BC860SERIES-DS-v01_01-en.pdf?fileId=db3a304314dca389011541da0e3a1661","","","","0.1A Ic, 45V Vce, PNP Small Signal Transistor, SOT-323"
"Q4","1","BC847W","","","","Package_TO_SOT_SMD:SOT-323_SC-70","http://www.infineon.com/dgdl/Infineon-BC847SERIES_BC848SERIES_BC849SERIES_BC850SERIES-DS-v01_01-en.pdf?fileId=db3a304314dca389011541d4630a1657","","","","0.1A Ic, 45V Vce, NPN Transistor, SOT-323"
"Q5","1","BC847W","","","","Package_TO_SOT_SMD:SOT-323_SC-70","http://www.infineon.com/dgdl/Infineon-BC847SERIES_BC848SERIES_BC849SERIES_BC850SERIES-DS-v01_01-en.pdf?fileId=db3a304314dca389011541d4630a1657","","","","0.1A Ic, 45V Vce, NPN Transistor, SOT-323"
"Q6","1","BC847W","","","","Package_TO_SOT_SMD:SOT-323_SC-70","http://www.infineon.com/dgdl/Infineon-BC847SERIES_BC848SERIES_BC849SERIES_BC850SERIES-DS-v01_01-en.pdf?fileId=db3a304314dca389011541d4630a1657","","","","0.1A Ic, 45V Vce, NPN Transistor, SOT-323"
"Q7","1","BC847W","","","","Package_TO_SOT_SMD:SOT-323_SC-70","http://www.infineon.com/dgdl/Infineon-BC847SERIES_BC848SERIES_BC849SERIES_BC850SERIES-DS-v01_01-en.pdf?fileId=db3a304314dca389011541d4630a1657","","","","0.1A Ic, 45V Vce, NPN Transistor, SOT-323"
"Q8","1","BC847W","","","","Package_TO_SOT_SMD:SOT-323_SC-70","http://www.infineon.com/dgdl/Infineon-BC847SERIES_BC848SERIES_BC849SERIES_BC850SERIES-DS-v01_01-en.pdf?fileId=db3a304314dca389011541d4630a1657","","","","0.1A Ic, 45V Vce, NPN Transistor, SOT-323"
"Q9","1","BC847W","","","","Package_TO_SOT_SMD:SOT-323_SC-70","http://www.infineon.com/dgdl/Infineon-BC847SERIES_BC848SERIES_BC849SERIES_BC850SERIES-DS-v01_01-en.pdf?fileId=db3a304314dca389011541d4630a1657","","","","0.1A Ic, 45V Vce, NPN Transistor, SOT-323"
"Q10","1","BC847W","","","","Package_TO_SOT_SMD:SOT-323_SC-70","http://www.infineon.com/dgdl/Infineon-BC847SERIES_BC848SERIES_BC849SERIES_BC850SERIES-DS-v01_01-en.pdf?fileId=db3a304314dca389011541d4630a1657","","","","0.1A Ic, 45V Vce, NPN Transistor, SOT-323"
"Q11","1","NSS40300MZ4T1G","","","","Package_TO_SOT_SMD:SOT-223-3_TabPin2","https://www.onsemi.com/pdf/datasheet/nss40300mz4-d.pdf","NSS40300MZ4T1GOSCT-ND","onsemi","NSS40300MZ4T1G","TRANS PNP 40V 3A SOT223"
"Q12","1","BC857W","","","","Package_TO_SOT_SMD:SOT-323_SC-70","http://www.infineon.com/dgdl/Infineon-BC857SERIES_BC858SERIES_BC859SERIES_BC860SERIES-DS-v01_01-en.pdf?fileId=db3a304314dca389011541da0e3a1661","","","","0.1A Ic, 45V Vce, PNP Small Signal Transistor, SOT-323"
"Q13","1","BC857W","","","","Package_TO_SOT_SMD:SOT-323_SC-70","http://www.infineon.com/dgdl/Infineon-BC857SERIES_BC858SERIES_BC859SERIES_BC860SERIES-DS-v01_01-en.pdf?fileId=db3a304314dca389011541da0e3a1661","","","","0.1A Ic, 45V Vce, PNP Small Signal Transistor, SOT-323"
"Q14","1","BC847W","","","","Package_TO_SOT_SMD:SOT-323_SC-70","http://www.infineon.com/dgdl/Infineon-BC847SERIES_BC848SERIES_BC849SERIES_BC850SERIES-DS-v01_01-en.pdf?fileId=db3a304314dca389011541d4630a1657","","","","0.1A Ic, 45V Vce, NPN Transistor, SOT-323"
"Q15","1","BC847W","","","","Package_TO_SOT_SMD:SOT-323_SC-70","http://www.infineon.com/dgdl/Infineon-BC847SERIES_BC848SERIES_BC849SERIES_BC850SERIES-DS-v01_01-en.pdf?fileId=db3a304314dca389011541d4630a1657","","","","0.1A Ic, 45V Vce, NPN Transistor, SOT-323"
"Q16","1","BC847W","","","","Package_TO_SOT_SMD:SOT-323_SC-70","http://www.infineon.com/dgdl/Infineon-BC847SERIES_BC848SERIES_BC849SERIES_BC850SERIES-DS-v01_01-en.pdf?fileId=db3a304314dca389011541d4630a1657","","","","0.1A Ic, 45V Vce, NPN Transistor, SOT-323"
"Q17","1","BC857W","","","","Package_TO_SOT_SMD:SOT-323_SC-70","http://www.infineon.com/dgdl/Infineon-BC857SERIES_BC858SERIES_BC859SERIES_BC860SERIES-DS-v01_01-en.pdf?fileId=db3a304314dca389011541da0e3a1661","","","","0.1A Ic, 45V Vce, PNP Small Signal Transistor, SOT-323"
"Q18","1","BC847W","","","","Package_TO_SOT_SMD:SOT-323_SC-70","http://www.infineon.com/dgdl/Infineon-BC847SERIES_BC848SERIES_BC849SERIES_BC850SERIES-DS-v01_01-en.pdf?fileId=db3a304314dca389011541d4630a1657","","","","0.1A Ic, 45V Vce, NPN Transistor, SOT-323"
"Q19","1","BC847W","","","","Package_TO_SOT_SMD:SOT-323_SC-70","http://www.infineon.com/dgdl/Infineon-BC847SERIES_BC848SERIES_BC849SERIES_BC850SERIES-DS-v01_01-en.pdf?fileId=db3a304314dca389011541d4630a1657","","","","0.1A Ic, 45V Vce, NPN Transistor, SOT-323"
"Q20","1","BC847W","","","","Package_TO_SOT_SMD:SOT-323_SC-70","http://www.infineon.com/dgdl/Infineon-BC847SERIES_BC848SERIES_BC849SERIES_BC850SERIES-DS-v01_01-en.pdf?fileId=db3a304314dca389011541d4630a1657","","","","0.1A Ic, 45V Vce, NPN Transistor, SOT-323"
"Q21","1","BC847W","","","","Package_TO_SOT_SMD:SOT-323_SC-70","http://www.infineon.com/dgdl/Infineon-BC847SERIES_BC848SERIES_BC849SERIES_BC850SERIES-DS-v01_01-en.pdf?fileId=db3a304314dca389011541d4630a1657","","","","0.1A Ic, 45V Vce, NPN Transistor, SOT-323"
"R1","1","1M","","","","","","","","","Resistor"
"R2","1","1.2M","","","","1206","https://www.yageo.com/upload/media/product/app/datasheet/rchip/pyu-rl_group_521_rohs_l.pdf","311-.025LWTR-ND","","RL1206FR-070R025L","RES 0.025 OHM 1% 1/4W 1206"
"R3","1","39.2k","","","","1206","https://www.yageo.com/upload/media/product/app/datasheet/rchip/pyu-rl_group_521_rohs_l.pdf","311-.025LWTR-ND","","RL1206FR-070R025L","RES 0.025 OHM 1% 1/4W 1206"
"R4","1","174k","","","","1206","https://www.yageo.com/upload/media/product/app/datasheet/rchip/pyu-rl_group_521_rohs_l.pdf","311-.025LWTR-ND","","RL1206FR-070R025L","RES 0.025 OHM 1% 1/4W 1206"
"R5","1","100k","","","","1206","https://www.yageo.com/upload/media/product/app/datasheet/rchip/pyu-rl_group_521_rohs_l.pdf","311-.025LWTR-ND","","RL1206FR-070R025L","RES 0.025 OHM 1% 1/4W 1206"
"R6","1","2M","","","","1206","https://www.yageo.com/upload/media/product/app/datasheet/rchip/pyu-rl_group_521_rohs_l.pdf","311-.025LWTR-ND","","RL1206FR-070R025L","RES 0.025 OHM 1% 1/4W 1206"
"R7","1","1k","","","","1206","https://www.yageo.com/upload/media/product/app/datasheet/rchip/pyu-rl_group_521_rohs_l.pdf","311-.025LWTR-ND","","RL1206FR-070R025L","RES 0.025 OHM 1% 1/4W 1206"
"R8","1","100k","","","","1206","https://www.yageo.com/upload/media/product/app/datasheet/rchip/pyu-rl_group_521_rohs_l.pdf","311-.025LWTR-ND","","RL1206FR-070R025L","RES 0.025 OHM 1% 1/4W 1206"
"R9","1","1.5M","","","","402","https://industrial.panasonic.com/cdbs/www-data/pdf/RDP0000/AOA0000C334.pdf","10-ERJ-U02J155XCT-ND","","ERJ-U02J155X","RES 1.5M OHM 5% 1/10W 0402"
"R10","1","1.5M","","","","402","https://industrial.panasonic.com/cdbs/www-data/pdf/RDP0000/AOA0000C334.pdf","10-ERJ-U02J155XCT-ND","","ERJ-U02J155X","RES 1.5M OHM 5% 1/10W 0402"
"R11","1","1.5M","","","","402","https://industrial.panasonic.com/cdbs/www-data/pdf/RDP0000/AOA0000C334.pdf","10-ERJ-U02J155XCT-ND","","ERJ-U02J155X","RES 1.5M OHM 5% 1/10W 0402"
"R12","1","1.5M","","","","402","https://industrial.panasonic.com/cdbs/www-data/pdf/RDP0000/AOA0000C334.pdf","10-ERJ-U02J155XCT-ND","","ERJ-U02J155X","RES 1.5M OHM 5% 1/10W 0402"
"R13","1","232","","","","402","https://industrial.panasonic.com/cdbs/www-data/pdf/RDA0000/AOA0000C304.pdf","P232LTR-ND","","ERJ-2RKF2320X","RES SMD 232 OHM 1% 1/10W 0402"
"R14","1","909","","","","402","https://industrial.panasonic.com/cdbs/www-data/pdf/RDA0000/AOA0000C304.pdf","P332LTR-ND","","ERJ-2RKF3320X","RES SMD 332 OHM 1% 1/10W 0402"
"R15","1","26.1k","","","","402","https://www.koaspeer.com/pdfs/RK73H.pdf","2019-RK73H1ETTP2612FTR-ND","","RK73H1ETTP2612F","RES 26.1K OHM 1% 1/10W 0402"
"R16","1","25m","","","","1206","https://www.yageo.com/upload/media/product/app/datasheet/rchip/pyu-rl_group_521_rohs_l.pdf","311-.025LWTR-ND","","RL1206FR-070R025L","RES 0.025 OHM 1% 1/4W 1206"
"R17","1","10k","","","","1206","https://www.yageo.com/upload/media/product/app/datasheet/rchip/pyu-rl_group_521_rohs_l.pdf","311-.025LWTR-ND","","RL1206FR-070R025L","RES 0.025 OHM 1% 1/4W 1206"
"R18","1","24.9k","","","","1206","https://www.yageo.com/upload/media/product/app/datasheet/rchip/pyu-rl_group_521_rohs_l.pdf","311-.025LWTR-ND","","RL1206FR-070R025L","RES 0.025 OHM 1% 1/4W 1206"
"R19","1","100k","","","","1206","https://www.yageo.com/upload/media/product/app/datasheet/rchip/pyu-rl_group_521_rohs_l.pdf","311-.025LWTR-ND","","RL1206FR-070R025L","RES 0.025 OHM 1% 1/4W 1206"
"R20","1","10k","","","","402","https://industrial.panasonic.com/cdbs/www-data/pdf/RDA0000/AOA0000C304.pdf","P10.0KLTR-ND","","ERJ-2RKF1002X","RES SMD 10K OHM 1% 1/10W 0402"
"R21","1","100k","","","","1206","https://www.yageo.com/upload/media/product/app/datasheet/rchip/pyu-rl_group_521_rohs_l.pdf","311-.025LWTR-ND","","RL1206FR-070R025L","RES 0.025 OHM 1% 1/4W 1206"
"R22","1","10k","","","","1206","https://www.yageo.com/upload/media/product/app/datasheet/rchip/pyu-rl_group_521_rohs_l.pdf","311-.025LWTR-ND","","RL1206FR-070R025L","RES 0.025 OHM 1% 1/4W 1206"
"R23","1","10k","","","","1206","https://www.yageo.com/upload/media/product/app/datasheet/rchip/pyu-rl_group_521_rohs_l.pdf","311-.025LWTR-ND","","RL1206FR-070R025L","RES 0.025 OHM 1% 1/4W 1206"
"R24","1","10k","","","","1206","https://www.yageo.com/upload/media/product/app/datasheet/rchip/pyu-rl_group_521_rohs_l.pdf","311-.025LWTR-ND","","RL1206FR-070R025L","RES 0.025 OHM 1% 1/4W 1206"
"R25","1","180k","","","","1206","https://www.yageo.com/upload/media/product/app/datasheet/rchip/pyu-rl_group_521_rohs_l.pdf","311-.025LWTR-ND","","RL1206FR-070R025L","RES 0.025 OHM 1% 1/4W 1206"
"R26","1","10k","","","","1206","https://www.yageo.com/upload/media/product/app/datasheet/rchip/pyu-rl_group_521_rohs_l.pdf","311-.025LWTR-ND","","RL1206FR-070R025L","RES 0.025 OHM 1% 1/4W 1206"
"R27","1","10k","","","","1206","https://www.yageo.com/upload/media/product/app/datasheet/rchip/pyu-rl_group_521_rohs_l.pdf","311-.025LWTR-ND","","RL1206FR-070R025L","RES 0.025 OHM 1% 1/4W 1206"
"R28","1","10k","","","","1206","https://www.yageo.com/upload/media/product/app/datasheet/rchip/pyu-rl_group_521_rohs_l.pdf","311-.025LWTR-ND","","RL1206FR-070R025L","RES 0.025 OHM 1% 1/4W 1206"
"R29","1","100k","","","","1206","https://www.yageo.com/upload/media/product/app/datasheet/rchip/pyu-rl_group_521_rohs_l.pdf","311-.025LWTR-ND","","RL1206FR-070R025L","RES 0.025 OHM 1% 1/4W 1206"
"R30","1","150m","","","","0805","https://www.ohmite.com/assets/images/res-kdv.pdf","273-KDV08DR150ETCT-ND","Ohmite","KDV08DR150ET","RES 0.15 OHM 0.5% 1/4W 0805"
"R31","1","100","","","","","","","","","Resistor"
"R32","1","100","","","","","","","","","Resistor"
"R33","1","100","","","","","","","","","Resistor"
"R34","1","100","","","","","","","","","Resistor"
"R35","1","10k","","","","","","","","","Resistor"
"R36","1","1.5k","","","","","","","","","Resistor"
"R37","1","12.1k","","","","","","","","","Resistor"
"R38","1","330","","","","","","","","","Resistor"
"R39","1","330","","","","","","","","","Resistor"
"R40","1","4.75k","","","","","","","","","Resistor"
"R41","1","4.75k","","","","","","","","","Resistor"
"R42","1","49.9","","","","","","","","","Resistor"
"R43","1","49.9","","","","","","","","","Resistor"
"R44","1","49.9","","","","","","","","","Resistor"
"R45","1","49.9","","","","","","","","","Resistor"
"R46","1","1.5k","","","","","","","","","Resistor"
"R47","1","33.2k","","","","","","","","","Resistor"
"R48","1","50","","","","","","","","","Resistor"
"R49","1","10k","DNP","","","","","","","","Resistor"
"R50","1","10k","","","","","","","","","Resistor"
"R51","1","10k","","","","","","","","","Resistor"
"R52","1","10k","","","","","","","","","Resistor"
"R53","1","10k","","","","","","","","","Resistor"
"R54","1","10k","","","","","","","","","Resistor"
"R55","1","1k","","","","","","","","","Resistor"
"R56","1","10k","","","","","","","","","Resistor"
"R57","1","1.5k","","","","","","","","","Resistor"
"R58","1","10k","","","","","","","","","Resistor"
"R59","1","60.4","","","","","","","","","Resistor"
"R60","1","174","","","","","","","","","Resistor"
"R61","1","221","","","","","","","","","Resistor"
"R62","1","3.01k","","","","","","","","","Resistor"
"R63","1","10k","","","","","","","","","Resistor"
"R64","1","5.1k","","","","","","","","","Resistor"
"R65","1","1M","","","","","","","","","Resistor"
"R66","1","5.1k","","","","","","","","","Resistor"
"R67","1","121k","","","","","","","","","Resistor"
"R68","1","100k","","","","","","","","","Resistor"
"R69","1","100k","","","","","","","","","Resistor"
"R70","1","374","","","","","","","","","Resistor"
"R71","1","33.2k","","","","","","","","","Resistor"
"R72","1","500m","","","","0805","https://www.ohmite.com/assets/images/res-kdv.pdf","273-KDV08DR150ETCT-ND","Ohmite","KDV08DR150ET","RES 0.15 OHM 0.5% 1/4W 0805"
"R73","1","2.2k","","","","","","","","","Resistor"
"R74","1","10k","","","","","","","","","Resistor"
"R75","1","4.7k","","","","","","","","","Resistor"
"R76","1","220","","","","","","","","","Resistor"
"R77","1","3.3 1% 0.25W","","","","","","","","","Resistor"
"R78","1","100k","","","","","","","","","Resistor"
"R79","1","10k","","","","","","","","","Resistor"
"R80","1","100k","","","","","","","","","Resistor"
"R81","1","100k","","","","","","","","","Resistor"
"R82","1","100k","","","","","","","","","Resistor"
"R83","1","30k","","","","","","","","","Resistor"
"R84","1","10k","","","","","","","","","Resistor"
"R85","1","100k","","","","","","","","","Resistor"
"R86","1","11k","","","","","","","","","Resistor"
"R87","1","10k","","","","","","","","","Resistor"
"R88","1","10k","","","","402","https://industrial.panasonic.com/cdbs/www-data/pdf/RDA0000/AOA0000C304.pdf","P10.0KLTR-ND","","ERJ-2RKF1002X","RES SMD 10K OHM 1% 1/10W 0402"
"R89","1","100m","","","","0805","https://www.ohmite.com/assets/images/res-kdv.pdf","273-KDV08DR150ETCT-ND","Ohmite","KDV08DR150ET","RES 0.15 OHM 0.5% 1/4W 0805"
"R90","1","200k","","","","402","https://industrial.panasonic.com/cdbs/www-data/pdf/RDA0000/AOA0000C304.pdf","P200KLTR-ND","","ERJ-2RKF2003X","RES SMD 200K OHM 1% 1/10W 0402"
"R91","1","100k","","","","402","https://industrial.panasonic.com/cdbs/www-data/pdf/RDA0000/AOA0000C304.pdf","P100KLTR-ND","","ERJ-2RKF1003X","RES SMD 100K OHM 1% 1/10W 0402"
"R92","1","10k","","","","402","https://industrial.panasonic.com/cdbs/www-data/pdf/RDA0000/AOA0000C304.pdf","P10.0KLTR-ND","","ERJ-2RKF1002X","RES SMD 10K OHM 1% 1/10W 0402"
"R93","1","2.21k","","","","402","https://industrial.panasonic.com/cdbs/www-data/pdf/RDA0000/AOA0000C304.pdf","P2.21KLTR-ND","","ERJ-2RKF2211X","RES SMD 2.21K OHM 1% 1/10W 0402"
"R94","1","6.81k","","","","402","https://industrial.panasonic.com/cdbs/www-data/pdf/RDA0000/AOA0000C304.pdf","P6.81KLTR-ND","","ERJ-2RKF6811X","RES SMD 6.81K OHM 1% 1/10W 0402"
"R95","1","10k","","","","402","https://industrial.panasonic.com/cdbs/www-data/pdf/RDA0000/AOA0000C304.pdf","P2.05KLTR-ND","","ERJ-2RKF2051X","RES SMD 2.05K OHM 1% 1/10W 0402"
"R96","1","24.9k","","","","402","https://industrial.panasonic.com/cdbs/www-data/pdf/RDA0000/AOA0000C304.pdf","P24.9KLTR-ND","","ERJ-2RKF2492X","RES SMD 24.9K OHM 1% 1/10W 0402"
"R97","1","15k","","","","402","https://industrial.panasonic.com/cdbs/www-data/pdf/RDA0000/AOA0000C304.pdf","P15.0KLTR-ND","","ERJ-2RKF1502X","RES SMD 15K OHM 1% 1/10W 0402"
"R98","1","2.05k","","","","402","https://industrial.panasonic.com/cdbs/www-data/pdf/RDA0000/AOA0000C304.pdf","P2.05KLTR-ND","","ERJ-2RKF2051X","RES SMD 2.05K OHM 1% 1/10W 0402"
"R99","1","10k","","","","402","https://industrial.panasonic.com/cdbs/www-data/pdf/RDA0000/AOA0000C304.pdf","P10.0KLTR-ND","","ERJ-2RKF1002X","RES SMD 10K OHM 1% 1/10W 0402"
"R100","1","2.2k","","","","402","https://industrial.panasonic.com/cdbs/www-data/pdf/RDA0000/AOA0000C304.pdf","P2.20KLTR-ND","","ERJ-2RKF2201X","RES SMD 2.2K OHM 1% 1/10W 0402"
"R101","1","2.2","","","","402","https://industrial.panasonic.com/cdbs/www-data/pdf/RDP0000/AOA0000C334.pdf","10-ERJ-U02F2R20XTR-ND","","ERJ-U02F2R20X","RES 2.2 OHM 1% 1/10W 0402"
"R102","1","75m","","","","0805","https://www.ohmite.com/assets/images/res-kdv.pdf","273-KDV08DR150ETCT-ND","Ohmite","KDV08DR150ET","RES 0.15 OHM 0.5% 1/4W 0805"
"R103","1","2.2","","","","402","https://industrial.panasonic.com/cdbs/www-data/pdf/RDP0000/AOA0000C334.pdf","10-ERJ-U02F2R20XTR-ND","","ERJ-U02F2R20X","RES 2.2 OHM 1% 1/10W 0402"
"R104","1","10k","","","","402","https://industrial.panasonic.com/cdbs/www-data/pdf/RDA0000/AOA0000C304.pdf","P10.0KLTR-ND","","ERJ-2RKF1002X","RES SMD 10K OHM 1% 1/10W 0402"
"R105","1","10k","","","","","","","","","Resistor"
"R106","1","500m","","","","0805","https://www.ohmite.com/assets/images/res-kdv.pdf","273-KDV08DR150ETCT-ND","Ohmite","KDV08DR150ET","RES 0.15 OHM 0.5% 1/4W 0805"
"R107","1","100m","","","","0805","https://www.ohmite.com/assets/images/res-kdv.pdf","273-KDV08DR150ETCT-ND","Ohmite","KDV08DR150ET","RES 0.15 OHM 0.5% 1/4W 0805"
"R108","1","100k","","","","","","","","","Resistor"
"R109","1","100k","","","","","","","","","Resistor"
"R110","1","100k","","","","","","","","","Resistor"
"R111","1","100k","","","","","","","","","Resistor"
"R112","1","6.65k","","","","","","","","","Resistor"
"R113","1","6.65k","","","","","","","","","Resistor"
"R114","1","9.53k","","","","","","","","","Resistor"
"R115","1","9.53k","","","","","","","","","Resistor"
"R116","1","3.09k","","","","","","","","","Resistor"
"R117","1","3.09k","","","","","","","","","Resistor"
"R118","1","100k","","","","402","https://industrial.panasonic.com/cdbs/www-data/pdf/RDA0000/AOA0000C304.pdf","P2.20KLTR-ND","","ERJ-2RKF2201X","RES SMD 2.2K OHM 1% 1/10W 0402"
"R119","1","100k","","","","402","https://industrial.panasonic.com/cdbs/www-data/pdf/RDA0000/AOA0000C304.pdf","P2.20KLTR-ND","","ERJ-2RKF2201X","RES SMD 2.2K OHM 1% 1/10W 0402"
"R120","1","100k","","","","402","https://industrial.panasonic.com/cdbs/www-data/pdf/RDA0000/AOA0000C304.pdf","P2.20KLTR-ND","","ERJ-2RKF2201X","RES SMD 2.2K OHM 1% 1/10W 0402"
"R121","1","10M","","","","402","https://industrial.panasonic.com/cdbs/www-data/pdf/RDA0000/AOA0000C304.pdf","P2.20KLTR-ND","","ERJ-2RKF2201X","RES SMD 2.2K OHM 1% 1/10W 0402"
"R122","1","1k","","","","402","https://industrial.panasonic.com/cdbs/www-data/pdf/RDA0000/AOA0000C304.pdf","P2.20KLTR-ND","","ERJ-2RKF2201X","RES SMD 2.2K OHM 1% 1/10W 0402"
"R123","1","22","","","","402","https://industrial.panasonic.com/cdbs/www-data/pdf/RDA0000/AOA0000C304.pdf","P2.20KLTR-ND","","ERJ-2RKF2201X","RES SMD 2.2K OHM 1% 1/10W 0402"
"R124","1","10k","","","","402","https://industrial.panasonic.com/cdbs/www-data/pdf/RDA0000/AOA0000C304.pdf","P10.0KLTR-ND","","ERJ-2RKF1002X","RES SMD 10K OHM 1% 1/10W 0402"
"R125","1","6.81k","","","","402","https://industrial.panasonic.com/cdbs/www-data/pdf/RDA0000/AOA0000C304.pdf","P6.81KLTR-ND","","ERJ-2RKF6811X","RES SMD 6.81K OHM 1% 1/10W 0402"
"R126","1","25m","","","","0805","https://www.ohmite.com/assets/images/res-kdv.pdf","273-KDV08DR150ETCT-ND","Ohmite","KDV08DR150ET","RES 0.15 OHM 0.5% 1/4W 0805"
"R127","1","12.4k","","","","402","https://industrial.panasonic.com/cdbs/www-data/pdf/RDA0000/AOA0000C304.pdf","P10.0KLTR-ND","","ERJ-2RKF1002X","RES SMD 10K OHM 1% 1/10W 0402"
"R128","1","2.4k","","","","402","https://industrial.panasonic.com/cdbs/www-data/pdf/RDA0000/AOA0000C304.pdf","P2.20KLTR-ND","","ERJ-2RKF2201X","RES SMD 2.2K OHM 1% 1/10W 0402"
"R129","1","12.1k","","","","0603","https://www.te.com/commerce/DocumentDelivery/DDEController?Action=srchrtrv&DocNm=1773270-2&DocType=Data%20Sheet&DocLang=English&DocFormat=pdf&PartCntxt=9-2176390-1","A140146CT-ND","TE Connectivity Passive Product","RQ73C1J12K1BTD","RES 12.1 KOHMS 0.1% 0.15W 0603"
"R130","1","3.83k","","","","0603","https://www.te.com/commerce/DocumentDelivery/DDEController?Action=srchrtrv&DocNm=1773270-2&DocType=Data%20Sheet&DocLang=English&DocFormat=pdf&PartCntxt=9-2176390-1","A140873CT-ND","TE Connectivity Passive Product","RQ73C1J3K83BTD","RES 3.83 KOHMS 0.1% 0.15W 0603"
"R131","1","10k","","","","402","https://industrial.panasonic.com/cdbs/www-data/pdf/RDA0000/AOA0000C304.pdf","P2.20KLTR-ND","","ERJ-2RKF2201X","RES SMD 2.2K OHM 1% 1/10W 0402"
"R132","1","200k","","","","402","https://industrial.panasonic.com/cdbs/www-data/pdf/RDA0000/AOA0000C304.pdf","P200KLTR-ND","","ERJ-2RKF2003X","RES SMD 200K OHM 1% 1/10W 0402"
"R133","1","100k","","","","402","https://industrial.panasonic.com/cdbs/www-data/pdf/RDA0000/AOA0000C304.pdf","P100KLTR-ND","","ERJ-2RKF1003X","RES SMD 100K OHM 1% 1/10W 0402"
"R134","1","4.12k","","","","402","https://industrial.panasonic.com/cdbs/www-data/pdf/RDA0000/AOA0000C304.pdf","P2.05KLTR-ND","","ERJ-2RKF2051X","RES SMD 2.05K OHM 1% 1/10W 0402"
"R135","1","10k","","","","","","","","","Resistor"
"R136","1","10.5k","","","","","","","","","Resistor"
"R137","1","10k","","","","","","","","","Resistor"
"R138","1","120k","","","","","","","","","Resistor"
"R139","1","10k","","","","","","","","","Resistor"
"R140","1","2.21k","","","","402","https://industrial.panasonic.com/cdbs/www-data/pdf/RDA0000/AOA0000C304.pdf","P2.21KLTR-ND","","ERJ-2RKF2211X","RES SMD 2.21K OHM 1% 1/10W 0402"
"R141","1","1M","","","","","","","","","Resistor"
"R142","1","47k","","","","","","","","","Resistor"
"R143","1","10k","","","","402","https://industrial.panasonic.com/cdbs/www-data/pdf/RDA0000/AOA0000C304.pdf","P2.05KLTR-ND","","ERJ-2RKF2051X","RES SMD 2.05K OHM 1% 1/10W 0402"
"R144","1","10.7k","","","","402","https://industrial.panasonic.com/cdbs/www-data/pdf/RDA0000/AOA0000C304.pdf","P24.9KLTR-ND","","ERJ-2RKF2492X","RES SMD 24.9K OHM 1% 1/10W 0402"
"R145","1","10k","","","","","","","","","Resistor"
"R146","1","100k","","","","","","","","","Resistor"
"R147","1","20k","","","","402","https://industrial.panasonic.com/cdbs/www-data/pdf/RDA0000/AOA0000C304.pdf","P15.0KLTR-ND","","ERJ-2RKF1502X","RES SMD 15K OHM 1% 1/10W 0402"
"R148","1","576","","","","402","https://industrial.panasonic.com/cdbs/www-data/pdf/RDA0000/AOA0000C304.pdf","P2.05KLTR-ND","","ERJ-2RKF2051X","RES SMD 2.05K OHM 1% 1/10W 0402"
"R149","1","10k","","","","402","https://industrial.panasonic.com/cdbs/www-data/pdf/RDA0000/AOA0000C304.pdf","P200KLTR-ND","","ERJ-2RKF2003X","RES SMD 200K OHM 1% 1/10W 0402"
"R150","1","10k","","","","","","","","","Resistor"
"R151","1","4.7k","","","","","","","","","Resistor"
"R152","1","100k","","","","","","","","","Resistor"
"R153","1","18k","","","","","","","","","Resistor"
"R154","1","33k","","","","","","","","","Resistor"
"R155","1","10k","","","","","","","","","Resistor"
"R156","1","4.7k","","","","402","https://industrial.panasonic.com/cdbs/www-data/pdf/RDA0000/AOA0000C304.pdf","P200KLTR-ND","","ERJ-2RKF2003X","RES SMD 200K OHM 1% 1/10W 0402"
"R157","1","10k","","","","","","","","","Resistor"
"R158","1","10k","","","","","","","","","Resistor"
"R159","1","20m","","","","0805","https://www.ohmite.com/assets/images/res-kdv.pdf","273-KDV08DR150ETCT-ND","Ohmite","KDV08DR150ET","RES 0.15 OHM 0.5% 1/4W 0805"
"R160","1","10k","","","","","","","","","Resistor"
"R161","1","10k","","","","","","","","","Resistor"
"R162","1","2.2","","","","402","https://industrial.panasonic.com/cdbs/www-data/pdf/RDP0000/AOA0000C334.pdf","10-ERJ-U02F2R20XTR-ND","","ERJ-U02F2R20X","RES 2.2 OHM 1% 1/10W 0402"
"R163","1","2.2","","","","402","https://industrial.panasonic.com/cdbs/www-data/pdf/RDP0000/AOA0000C334.pdf","10-ERJ-U02F2R20XTR-ND","","ERJ-U02F2R20X","RES 2.2 OHM 1% 1/10W 0402"
"R164","1","100k","","","","","","","","","Resistor"
"R165","1","51","","","","402","https://industrial.panasonic.com/cdbs/www-data/pdf/RDA0000/AOA0000C304.pdf","P51.0LTR-ND","","ERJ-2RKF51R0X","RES SMD 51 OHM 1% 1/10W 0402"
"R166","1","51","","","","402","https://industrial.panasonic.com/cdbs/www-data/pdf/RDA0000/AOA0000C304.pdf","P51.0LTR-ND","","ERJ-2RKF51R0X","RES SMD 51 OHM 1% 1/10W 0402"
"R167","1","220","","","","","","","","","Resistor"
"R168","1","10k","","","","","","","","","Resistor"
"R169","1","10k","","","","","","","","","Resistor"
"R170","1","470","","","","","","","","","Resistor"
"R171","1","4.7k","","","","","","","","","Resistor"
"R172","1","470","","","","","","","","","Resistor"
"R173","1","22k","","","","","","","","","Resistor"
"R174","1","47k","","","","","","","","","Resistor"
"R175","1","47k","","","","","","","","","Resistor"
"R176","1","100k","","","","","","","","","Resistor"
"R177","1","49.9","","","","","","","","","Resistor"
"R178","1","100","","","","","","","","","Resistor"
"R179","1","10k","","","","","","","","","Resistor"
"R180","1","10k","","","","","","","","","Resistor"
"R181","1","1k","","","","","","","","","Resistor"
"R182","1","100k","","","","","","","","","Resistor"
"R183","1","33","","","","","","","","","Resistor"
"R184","1","33","","","","","","","","","Resistor"
"R185","1","1.5k","","","","","","","","","Resistor"
"R186","1","30.1k","","","","","","","","","Resistor"
"R187","1","22","","","","","","","","","Resistor"
"R188","1","100k","","","","","","","","","Resistor"
"R189","1","22","","","","","","","","","Resistor"
"R190","1","10k","","","","","","","","","Resistor"
"R191","1","10k","","","","","","","","","Resistor"
"R192","1","10k","","","","","","","","","Resistor"
"R193","1","10k","","","","","","","","","Resistor"
"R194","1","10k","","","","","","","","","Resistor"
"R195","1","10k","","","","","","","","","Resistor"
"R196","1","10k","","","","","","","","","Resistor"
"R197","1","10k","","","","","","","","","Resistor"
"R198","1","10k","","","","","","","","","Resistor"
"R199","1","10k","","","","","","","","","Resistor"
"R200","1","10k","","","","","","","","","Resistor"
"R201","1","10k","","","","","","","","","Resistor"
"R202","1","4.7k","","","","","","","","","Resistor"
"R203","1","4.7k","","","","","","","","","Resistor"
"R204","1","10k","","","","","","","","","Resistor"
"R205","1","10k","","","","","","","","","Resistor"
"R206","1","10k","","","","","","","","","Resistor"
"R207","1","10k","","","","","","","","","Resistor"
"R208","1","10k","","","","","","","","","Resistor"
"R209","1","10k","","","","","","","","","Resistor"
"R210","1","22","","","","0805","https://www.ohmite.com/assets/images/res-kdv.pdf","273-KDV08DR150ETCT-ND","Ohmite","KDV08DR150ET","RES 0.15 OHM 0.5% 1/4W 0805"
"R211","1","22","","","","0805","https://www.ohmite.com/assets/images/res-kdv.pdf","273-KDV08DR150ETCT-ND","Ohmite","KDV08DR150ET","RES 0.15 OHM 0.5% 1/4W 0805"
"R212","1","10k","","","","","","","","","Resistor"
"R213","1","100k","","","","","","","","","Resistor"
"TP1","1","TestPoint","","","","","","","","","test point"
"U1","1","TPD4EUSB30","","","","10-USON","https://www.ti.com/general/docs/suppproductinfo.tsp?distId=10&gotoUrl=https%3A%2F%2Fwww.ti.com%2Flit%2Fgpn%2Ftpd4eusb30","296-28063-2-ND","Texas Instruments","TPD4EUSB30DQAR","TVS DIODE 5.5VWM 8VC 10USON"
"U2","1","LMV393","","","","","http://www.ti.com/lit/ds/symlink/lmv331.pdf","","","","Dual General-Purpose Low-Voltage Comparator, SOIC-8/TSSOP-8/VSSOP-8"
"U3","1","BC846BPDW1T1G","","","","SOT-363","https://www.onsemi.com/pdf/datasheet/bc846bpdw1t1-d.pdf","BC846BPDW1T1GOSTR-ND","ON Semiconductor","BC846BPDW1T1G","TRANS NPN/PNP 65V 0.1A SC88/SC70"
"U4","1","BC846BPDW1T1G","","","","SOT-363","https://www.onsemi.com/pdf/datasheet/bc846bpdw1t1-d.pdf","BC846BPDW1T1GOSTR-ND","ON Semiconductor","BC846BPDW1T1G","TRANS NPN/PNP 65V 0.1A SC88/SC70"
"U5","1","BC846BPDW1T1G","","","","SOT-363","https://www.onsemi.com/pdf/datasheet/bc846bpdw1t1-d.pdf","BC846BPDW1T1GOSTR-ND","ON Semiconductor","BC846BPDW1T1G","TRANS NPN/PNP 65V 0.1A SC88/SC70"
"U6","1","BC846BPDW1T1G","","","","SOT-363","https://www.onsemi.com/pdf/datasheet/bc846bpdw1t1-d.pdf","BC846BPDW1T1GOSTR-ND","ON Semiconductor","BC846BPDW1T1G","TRANS NPN/PNP 65V 0.1A SC88/SC70"
"U7","1","FDMQ8205A","","","","12-MLP","https://www.onsemi.com/pdf/datasheet/fdmq8205a-d.pdf","FDMQ8205AOSTR-ND","On Semiconductor","FDMQ8205A","GREENBRIDGETM 2 SERIES OF HIGH-E"
"U8","1","FDMQ8205A","","","","12-MLP","https://www.onsemi.com/pdf/datasheet/fdmq8205a-d.pdf","FDMQ8205AOSTR-ND","On Semiconductor","FDMQ8205A","GREENBRIDGETM 2 SERIES OF HIGH-E"
"U9","1","NCP1095DBR2","","","","16-TSSOP","https://www.onsemi.com/pdf/datasheet/ncp1095-d.pdf","NCP1095DBR2OSTR-ND","","NCP1095DBR2","IC POE CNTRL 1 CHANNEL 16TSSOP"
"U10","1","INA228AQDGSRQ1","","","","VSSOP10_DGS_TEX","https://www.ti.com/lit/gpn/ina228-q1","","","",""
"U11","1","LAN8742AI-CZ-TR","","","","LAN8742AI-CZ-TR:QFN50P400X400X100-25N","","","Microchip","",""
"U12","1","STM32H563VIT6","","","","100-LQFP","https://www.st.com/resource/en/datasheet/stm32h562ag.pdf","497-STM32H563VIT6-ND","STMicroelectronics","STM32H563VIT6","IC MCU 32BIT 2MB FLASH 100LQFP"
"U13","1","LT3045xDD","","","","Package_DFN_QFN:DFN-10-1EP_3x3mm_P0.5mm_EP1.65x2.38mm","https://www.analog.com/media/en/technical-documentation/data-sheets/3045fa.pdf","","","","500mA, Adjustable, Ultralow Noise, Ultrahigh PSRR Linear Regulator, DFN-10"
"U14","1","MCP1502T-33E/CHY","","","","SOT-23-6","https://ww1.microchip.com/downloads/aemDocuments/documents/MSLD/ProductDocuments/DataSheets/MCP1502-Data-Sheet-20006593B.pdf","","","","IC VREF SERIES 3.3V SOT23-6"
"U15","1","TPD4E02B04DQAR","","","","DQA0010A","https://www.ti.com/lit/gpn/tpd4e02b04","","","",""
"U16","1","TPD4E02B04DQAR","","","","DQA0010A","https://www.ti.com/lit/gpn/tpd4e02b04","","","",""
"U17","1","TPD4E05U06DQAR","","","","DQA0010A","https://www.ti.com/lit/gpn/tpd4e05u06","","","",""
"U18","1","TPD4E05U06DQAR","","","","DQA0010A","https://www.ti.com/lit/gpn/tpd4e05u06","","","",""
"U19","1","TPD4E02B04DQAR","","","","DQA0010A","https://www.ti.com/lit/gpn/tpd4e02b04","","","",""
"U20","1","TPD4E02B04DQAR","","","","DQA0010A","https://www.ti.com/lit/gpn/tpd4e02b04","","","",""
"U21","1","ZED-F9T-00B","","","","ZED-F9T-00B:MODULE_ZED-F9T-00B","","","U-Blox","",""
"U22","1","LT3045xDD","","","","Package_DFN_QFN:DFN-10-1EP_3x3mm_P0.5mm_EP1.65x2.38mm","https://www.analog.com/media/en/technical-documentation/data-sheets/3045fa.pdf","","","","500mA, Adjustable, Ultralow Noise, Ultrahigh PSRR Linear Regulator, DFN-10"
"U23","1","INA228AQDGSRQ1","","","","VSSOP10_DGS_TEX","https://www.ti.com/lit/gpn/ina228-q1","","","",""
"U24","1","INA181A1IDBVR","","","","DBV0006A_N","https://www.ti.com/lit/gpn/ina181","","","",""
"U25","1","LMV393","","","","","http://www.ti.com/lit/ds/symlink/lmv331.pdf","","","","Dual General-Purpose Low-Voltage Comparator, SOIC-8/TSSOP-8/VSSOP-8"
"U26","1","INA228AQDGSRQ1","","","","VSSOP10_DGS_TEX","https://www.ti.com/lit/gpn/ina228-q1","","","",""
"U27","1","RT9742VGJ5","","","","TSOT-23-5","https://www.richtek.com/SaveDownload.aspx?specid=RT9742","1028-RT9742VGJ5TR-ND","","RT9742VGJ5","70M/55M POWER SWITCH TSOT-25"
"U28","1","MIC28516T-E/PHA","","","","32-PowerVQFN","https://ww1.microchip.com/downloads/aemDocuments/documents/APID/ProductDocuments/DataSheets/MIC28516-Data-Sheet-DS20006315.pdf","150-MIC28516T-E/PHATR-ND","","MIC28516T-E/PHA","IC REG BUCK ADJ 8A 32VQFN"
"U29","1","AP3441SHE-7B","","","","8-UFDFN (Exposed Pad)","https://www.diodes.com/assets/Datasheets/AP3441-L.pdf","AP3441SHE-7BDITR-ND","","AP3441SHE-7B","IC REG BUCK ADJ 3A UDFN20208"
"U30","1","INA228AQDGSRQ1","","","","VSSOP10_DGS_TEX","https://www.ti.com/lit/gpn/ina228-q1","","","",""
"U31","1","INA228AQDGSRQ1","","","","VSSOP10_DGS_TEX","https://www.ti.com/lit/gpn/ina228-q1","","","",""
"U32","1","INA228AQDGSRQ1","","","","VSSOP10_DGS_TEX","https://www.ti.com/lit/gpn/ina228-q1","","","",""
"U33","1","RT9742VGJ5","","","","TSOT-23-5","https://www.richtek.com/SaveDownload.aspx?specid=RT9742","1028-RT9742VGJ5TR-ND","","RT9742VGJ5","70M/55M POWER SWITCH TSOT-25"
"U34","1","TPS61094DSSR","","","","TPS61094DSSR:SON50P300X200X80-13N","","","Texas Instruments","",""
"U35","1","TPS61094DSSR","","","","TPS61094DSSR:SON50P300X200X80-13N","","","Texas Instruments","",""
"U36","1","OPA320AIDBVT","","","","OPA320AIDBVT:SOT95P280X145-5N","","","","",""
"U37","1","INA228AQDGSRQ1","","","","VSSOP10_DGS_TEX","https://www.ti.com/lit/gpn/ina228-q1","","","",""
"U38","1","AP3441SHE-7B","","","","8-UFDFN (Exposed Pad)","https://www.diodes.com/assets/Datasheets/AP3441-L.pdf","AP3441SHE-7BDITR-ND","","AP3441SHE-7B","IC REG BUCK ADJ 3A UDFN20208"
"U39","1","TPS7A5201QRGRRQ1","","","","RGR20_2P05X2P05_TEX","https://www.ti.com/lit/gpn/tps7a52-q1","","","",""
"U40","1","MIC28516T-E/PHA","","","","32-PowerVQFN","https://ww1.microchip.com/downloads/aemDocuments/documents/APID/ProductDocuments/DataSheets/MIC28516-Data-Sheet-DS20006315.pdf","150-MIC28516T-E/PHATR-ND","","MIC28516T-E/PHA","IC REG BUCK ADJ 8A 32VQFN"
"U41","1","LMV393","","","","","http://www.ti.com/lit/ds/symlink/lmv331.pdf","","","","Dual General-Purpose Low-Voltage Comparator, SOIC-8/TSSOP-8/VSSOP-8"
"U42","1","OPA320AIDBVT","","","","OPA320AIDBVT:SOT95P280X145-5N","","","","",""
"U43","1","MCP41U83T-503E/ST","","","","Package_SO:TSSOP-14_4.4x5mm_P0.65mm","https://ww1.microchip.com/downloads/aemDocuments/documents/APID/ProductDocuments/DataSheets/MCP41U83-Data-Sheet-DS20007000.pdf","","","","10-bit single-channel digital potentiometer, I2C / SPI interface, MTP memory, TSSOP-14"
"U44","1","INA228AQDGSRQ1","","","","VSSOP10_DGS_TEX","https://www.ti.com/lit/gpn/ina228-q1","","","",""
"U45","1","MCP1502T-40E/CHY","","","","SOT-23-6","https://ww1.microchip.com/downloads/aemDocuments/documents/MSLD/ProductDocuments/DataSheets/MCP1502-Data-Sheet-20006593B.pdf","","","","IC VREF SERIES 3.3V SOT23-6"
"U46","1","SN65C3221EPWR","","","","SN65C3221EPWR:SOP65P640X120-16N","","","","",""
"U47","1","PESD15VL2BT","","","","TO-236AB","https://assets.nexperia.com/documents/data-sheet/PESD15VL2BT.pdf","1727-3813-2-ND","","PESD15VL2BT,215","TVS DIODE 15VWM 44VC TO236AB"
"U48","1","APC-817C1","","","","4-SMD","https://www.americanbrightled.com/pdffiles/ir-uv/ir/APC-817.pdf","2007-APC-817C1-SLCT-ND","American Bright Optoelectronics Corporation","APC-817C1-SL","OPTOISOLATOR 5KV 1CH TRANS 4-SMD"
"U49","1","TMUX1101DCK","","","","Package_TO_SOT_SMD:SOT-353_SC-70-5","https://www.ti.com/lit/ds/symlink/tmux1101.pdf","","","","SPST Analog Switch, 1.08V to 5.5V Supply, 3pA Leakage Current, Normally OFF, 1.8Ohm Ron, SC-70"
"U50","1","LTC6752xS5","","","","Package_TO_SOT_SMD:TSOT-23-5","https://www.analog.com/media/en/technical-documentation/data-sheets/6752fc.pdf","","","","Single 280Mhz 2.9ns Comparator, Rail-to-Rail Inputs, CMOS Output, TSOT-23-5"
"U51","1","LT3045xDD","","","","Package_DFN_QFN:DFN-10-1EP_3x3mm_P0.5mm_EP1.65x2.38mm","https://www.analog.com/media/en/technical-documentation/data-sheets/3045fa.pdf","","","","500mA, Adjustable, Ultralow Noise, Ultrahigh PSRR Linear Regulator, DFN-10"
"U52","1","74LVC1G157GW-Q100H","","","","SC-74_TSOP6_SOT457_NEX","74LVC1G157GW-Q100H","","","",""
"U53","1","74LVC1G34","","","","","https://www.ti.com/lit/ds/symlink/sn74lvc1g34.pdf","","","","Single Buffer Gate, Low-Voltage CMOS"
"U54","1","MCP23017T-E/ML","","","","Package_DFN_QFN:QFN-28-1EP_6x6mm_P0.65mm_EP4.25x4.25mm","https://ww1.microchip.com/downloads/aemDocuments/documents/APID/ProductDocuments/DataSheets/MCP23017-Data-Sheet-DS20001952.pdf","","","","16-bit I/O expander, I2C, interrupts, w pull-ups, GPA7/GPB7 output only (https://microchip.my.site.com/s/article/GPA7---GPB7-Cannot-Be-Used-as-Inputs-In-MCP23017), QFN-28"
"U55","1","MCP23017T-E/ML","","","","Package_DFN_QFN:QFN-28-1EP_6x6mm_P0.65mm_EP4.25x4.25mm","https://ww1.microchip.com/downloads/aemDocuments/documents/APID/ProductDocuments/DataSheets/MCP23017-Data-Sheet-DS20001952.pdf","","","","16-bit I/O expander, I2C, interrupts, w pull-ups, GPA7/GPB7 output only (https://microchip.my.site.com/s/article/GPA7---GPB7-Cannot-Be-Used-as-Inputs-In-MCP23017), QFN-28"
"U56","1","LTC4311ISC6-TRPBF","","","","SOT-6_SC_LIT","https://www.analog.com/media/en/technical-documentation/data-sheets/4311fa.pdf","","","",""
"U57","1","TMP117xxDRV","","","","Package_SON:WSON-6-1EP_2x2mm_P0.65mm_EP1x1.6mm","https://www.ti.com/lit/ds/symlink/tmp117.pdf","","","","Digital Temperature Sensor with I2C/SMBus Interface, 16 bits, ±0.3°C, one-shot conversion, alert, nist traceable, EEPROM, WSON"
"U58","1","TMP117xxDRV","","","","Package_SON:WSON-6-1EP_2x2mm_P0.65mm_EP1x1.6mm","https://www.ti.com/lit/ds/symlink/tmp117.pdf","","","","Digital Temperature Sensor with I2C/SMBus Interface, 16 bits, ±0.3°C, one-shot conversion, alert, nist traceable, EEPROM, WSON"
"U59","1","LIS2DH12TR","","","","LGA-12_STM","https://www.st.com/resource/en/datasheet/lis2dh12.pdf","","","",""
"U60","1","ATECC608B-SSHDA","","","","Package_SO:SOIC-8_3.9x4.9mm_P1.27mm","https://ww1.microchip.com/downloads/aemDocuments/documents/SCBU/ProductDocuments/DataSheets/ATECC608B-CryptoAuthentication-Device-Summary-Data-Sheet-DS40002239B.pdf","","","","Cryptographic Co-Processor with Secure Hardware-based 16 Key Storage, ECDSA and ECDH support, I2C, SOIC-8"
"U61","1","IIS2MDCTR","","","","LGA-12_2X2X0P7_STM","https://www.st.com/resource/en/datasheet/iis2mdc.pdf","","","",""
"U62","1","MX25L25645GM2I-08G","","","","","","","","",""
"U63","1","PCA9306DCTT","","","","DCT8","https://www.ti.com/lit/gpn/pca9306","","","",""
"U64","1","TPS3430WDRC","","","","Package_SON:VSON-10-1EP_3x3mm_P0.5mm_EP1.65x2.4mm","https://www.ti.com/lit/gpn/TPS3430","","","","Window watchdog timer with programmable reset delay"
"Y1","1","25MHz","","","","","https://mm.digikey.com/Volume0/opasdata/d220001/medias/docus/6710/445I23D25M00000.pdf","110-445I23E25M00000CT-ND","CTS-Frequency Controls","445I23E25M00000","CRYSTAL 25.0000MHZ 20PF SMD"
"Y2","1","32.768kHz","","","","","https://abracon.com/Resonators/ABS07.pdf","535-9542-1-ND","Abracon LLC","ABS07-32.768KHZ-T","CRYSTAL 32.7680KHZ 12.5PF SMD"
"Y3","1","OH300","","","","Oscillator:Oscillator_SMD_OCXO_ConnorWinfield_OH300","http://www.conwin.com/datasheets/cx/cx210.pdf","CW752CT-ND","Connor Winfield","OH300-61003CV-010.0M","XTAL OSC VCOCXO 10.0000MHZ CMOS"
