Ref,Qty,Value,Footprint,Dielectric/Type,Voltage,Tolerance,Power/Current,Manufacturer,MPN,Description,Status,Notes,Sheet
C1,1,4.7nF,C_0402_1005Metric,X7R,2kV,10%,,,,CAP CER 4.7nF 2kV X7R 0402,SELECT,shield-to-chassis HV Y-cap; 0402 impossible-needs 1808/1812,Ethernet Input
C2,1,0.022uF,C_0402_1005Metric,X7R,50V,10%,,Murata,GRM155R71H223KA12D,CAP CER 0.022uF 50V X7R 0402,STD,,Ethernet Input
C3,1,1nF,C_0402_1005Metric,C0G,50V,5%,,Murata,GRM1555C1H102FA01J,CAP CER 1nF 50V C0G 0402,STD,,PoE
C4,1,0.1uF,C_0402_1005Metric,X7R,16V,10%,,Murata,GRM155R71C104KA88J,CAP CER 0.1uF 16V X7R 0402,STD,,PoE
C5,1,0.1uF,C_0402_1005Metric,X7R,16V,10%,,Murata,GRM155R71C104KA88J,CAP CER 0.1uF 16V X7R 0402,STD,,PoE
C6,1,1nF,C_0402_1005Metric,C0G,100V,5%,,Murata,GRM1555C2A102JA01D,CAP CER 1nF 100V C0G 0402,REVIEW-HV,on VOUT_N (PoE primary),PoE
C7,1,1uF,C_0603_1608Metric,X7T,100V,10%,,Murata,GRM188D72A105KE01W,CAP CER 1uF 100V X7T 0603,REVIEW-HV,on VOUT_N (PoE primary),PoE
C8,1,0.1uF,C_0402_1005Metric,X7R,100V,10%,,,,CAP CER 0.1uF 100V X7R 0402,SELECT,0.1uF 100V on VOUT_P; 0402 likely too small-verify pkg,PoE
C9,1,1uF,C_0603_1608Metric,X7T,100V,10%,,Murata,GRM188D72A105KE01W,CAP CER 1uF 100V X7T 0603,REVIEW-HV,on VOUT_N (PoE primary),PoE
C10,1,10uF,C_0805_2012Metric,X7S,100V,10%,,,,CAP CER 10uF 100V X7S 0805,SELECT,10uF 100V on VOUT_P; 0805 undersized-needs 1210/1812,PoE
C11,1,47pF,C_0402_1005Metric,C0G,100V,5%,,Murata,GRM1555C2A470JA01D,CAP CER 47pF 100V C0G 0402,REVIEW-HV,on VOUT_N (PoE primary),PoE
C12,1,0.1uF,C_0402_1005Metric,X7R,16V,10%,,Murata,GRM155R71C104KA88J,CAP CER 0.1uF 16V X7R 0402,STD,,PoE
C13,1,4.7uF,C_0805_2012Metric,X7R,16V,10%,,Murata,GRM21BR71C475KE51K,CAP CER 4.7uF 16V X7R 0805,STD,,Ethernet PHY
C14,1,27pF,C_0402_1005Metric,C0G,50V,5%,,Murata,GRM1555C1H270FA01D,CAP CER 27pF 50V C0G 0402,STD,,Ethernet PHY
C15,1,0.1uF,C_0402_1005Metric,X7R,16V,10%,,Murata,GRM155R71C104KA88J,CAP CER 0.1uF 16V X7R 0402,STD,,Ethernet PHY
C16,1,27pF,C_0402_1005Metric,C0G,50V,5%,,Murata,GRM1555C1H270FA01D,CAP CER 27pF 50V C0G 0402,STD,,Ethernet PHY
C17,1,470pF,C_0402_1005Metric,C0G,50V,5%,,Murata,GRM1555C1H471FA01D,CAP CER 470pF 50V C0G 0402,STD,,Ethernet PHY
C18,1,1uF,C_0603_1608Metric,X7R,16V,10%,,Murata,GRM188R71C105KA12D,CAP CER 1uF 16V X7R 0603,STD,,Ethernet PHY
C19,1,0.1uF,C_0402_1005Metric,X7R,16V,10%,,Murata,GRM155R71C104KA88J,CAP CER 0.1uF 16V X7R 0402,STD,,Ethernet PHY
C20,1,0.1uF,C_0402_1005Metric,X7R,16V,10%,,Murata,GRM155R71C104KA88J,CAP CER 0.1uF 16V X7R 0402,STD,,Ethernet PHY
C21,1,0.1uF,C_0402_1005Metric,X7R,16V,10%,,Murata,GRM155R71C104KA88J,CAP CER 0.1uF 16V X7R 0402,STD,,STM32
C22,1,0.1uF,C_0402_1005Metric,X7R,16V,10%,,Murata,GRM155R71C104KA88J,CAP CER 0.1uF 16V X7R 0402,STD,,STM32
C23,1,0.1uF,C_0402_1005Metric,X7R,16V,10%,,Murata,GRM155R71C104KA88J,CAP CER 0.1uF 16V X7R 0402,STD,,STM32
C24,1,0.1uF,C_0402_1005Metric,X7R,16V,10%,,Murata,GRM155R71C104KA88J,CAP CER 0.1uF 16V X7R 0402,STD,,STM32
C25,1,0.1uF,C_0402_1005Metric,X7R,16V,10%,,Murata,GRM155R71C104KA88J,CAP CER 0.1uF 16V X7R 0402,STD,,STM32
C26,1,0.1uF,C_0402_1005Metric,X7R,16V,10%,,Murata,GRM155R71C104KA88J,CAP CER 0.1uF 16V X7R 0402,STD,,STM32
C27,1,4.7uF,C_0805_2012Metric,X7R,16V,10%,,Murata,GRM21BR71C475KE51K,CAP CER 4.7uF 16V X7R 0805,STD,,STM32
C28,1,1uF,C_0603_1608Metric,X7R,16V,10%,,Murata,GRM188R71C105KA12D,CAP CER 1uF 16V X7R 0603,STD,,STM32
C29,1,12pF,C_0402_1005Metric,C0G,50V,5%,,Murata,GRM1555C1H120FA01D,CAP CER 12pF 50V C0G 0402,STD,,STM32
C30,1,4.7uF,C_0805_2012Metric,X7R,16V,10%,,Murata,GRM21BR71C475KE51K,CAP CER 4.7uF 16V X7R 0805,STD,,STM32
C31,1,12pF,C_0402_1005Metric,C0G,50V,5%,,Murata,GRM1555C1H120FA01D,CAP CER 12pF 50V C0G 0402,STD,,STM32
C32,1,10uF,C_0805_2012Metric,X7R,16V,10%,,Murata,GRM21BZ71C106KE15L,CAP CER 10uF 16V X7R 0805,STD,,STM32
C33,1,4.7uF,C_0805_2012Metric,X7R,16V,10%,,Murata,GRM21BR71C475KE51K,CAP CER 4.7uF 16V X7R 0805,STD,,STM32
C34,1,2.2uF,C_0603_1608Metric,X7R,16V,10%,,Murata,GRM188Z71C225KE43D,CAP CER 2.2uF 16V X7R 0603,STD,,STM32
C35,1,0.1uF,C_0402_1005Metric,X7R,16V,10%,,Murata,GRM155R71C104KA88J,CAP CER 0.1uF 16V X7R 0402,STD,,STM32
C36,1,2.2uF,C_0603_1608Metric,X7R,16V,10%,,Murata,GRM188Z71C225KE43D,CAP CER 2.2uF 16V X7R 0603,STD,,STM32
C37,1,1nF,C_0402_1005Metric,C0G,50V,5%,,Murata,GRM1555C1H102FA01J,CAP CER 1nF 50V C0G 0402,STD,,STM32
C38,1,2.2uF,C_0603_1608Metric,X7R,16V,10%,,Murata,GRM188Z71C225KE43D,CAP CER 2.2uF 16V X7R 0603,STD,,STM32
C39,1,2.2uF,C_0603_1608Metric,X7R,16V,10%,,Murata,GRM188Z71C225KE43D,CAP CER 2.2uF 16V X7R 0603,STD,,STM32
C40,1,1uF,C_0603_1608Metric,X7R,16V,10%,,Murata,GRM188R71C105KA12D,CAP CER 1uF 16V X7R 0603,STD,,Connectors
C41,1,0.1uF,C_0402_1005Metric,X7R,16V,10%,,Murata,GRM155R71C104KA88J,CAP CER 0.1uF 16V X7R 0402,STD,,Connectors
C42,1,4.7nF,C_0402_1005Metric,X7R,2kV,10%,,,,CAP CER 4.7nF 2kV X7R 0402,SELECT,shield-to-chassis HV Y-cap; 0402 impossible-needs 1808/1812,Connectors
C43,1,0.1uF,C_0402_1005Metric,X7R,16V,10%,,Murata,GRM155R71C104KA88J,CAP CER 0.1uF 16V X7R 0402,STD,,Connectors
C45,1,1uF,C_0603_1608Metric,X7R,16V,10%,,Murata,GRM188R71C105KA12D,CAP CER 1uF 16V X7R 0603,STD,,GPS
C46,1,4.7uF,C_0805_2012Metric,X7R,16V,10%,,Murata,GRM21BR71C475KE51K,CAP CER 4.7uF 16V X7R 0805,STD,,GPS
C47,1,1uF,C_0603_1608Metric,X7R,16V,10%,,Murata,GRM188R71C105KA12D,CAP CER 1uF 16V X7R 0603,STD,,GPS
C48,1,0.1uF,C_0402_1005Metric,X7R,16V,10%,,Murata,GRM155R71C104KA88J,CAP CER 0.1uF 16V X7R 0402,STD,,GPS
C49,1,0.47uF,C_0603_1608Metric,X7R,16V,10%,,Murata,GRM188R71C474KA88D,CAP CER 0.47uF 16V X7R 0603,STD,,GPS
C50,1,10uF,C_0805_2012Metric,X7R,16V,10%,,Murata,GRM21BZ71C106KE15L,CAP CER 10uF 16V X7R 0805,STD,,GPS
C51,1,0.1uF,C_0402_1005Metric,X7R,16V,10%,,Murata,GRM155R71C104KA88J,CAP CER 0.1uF 16V X7R 0402,STD,,GPS
C52,1,1uF,C_0603_1608Metric,X7R,16V,10%,,Murata,GRM188R71C105KA12D,CAP CER 1uF 16V X7R 0603,STD,,GPS Antenna
C53,1,0.1uF,C_0402_1005Metric,X7R,16V,10%,,Murata,GRM155R71C104KA88J,CAP CER 0.1uF 16V X7R 0402,STD,,GPS Antenna
C54,1,0.1uF,C_0402_1005Metric,X7R,16V,10%,,Murata,GRM155R71C104KA88J,CAP CER 0.1uF 16V X7R 0402,STD,,GPS Antenna
C55,1,0.1uF,C_0402_1005Metric,X7R,16V,10%,,Murata,GRM155R71C104KA88J,CAP CER 0.1uF 16V X7R 0402,STD,,GPS Antenna
C56,1,0.1uF,C_0402_1005Metric,X7R,16V,10%,,Murata,GRM155R71C104KA88J,CAP CER 0.1uF 16V X7R 0402,STD,,GPS Antenna
C57,1,1uF,C_0603_1608Metric,X7R,16V,10%,,Murata,GRM188R71C105KA12D,CAP CER 1uF 16V X7R 0603,STD,,GPS Antenna
C58,1,0.1uF,C_0402_1005Metric,X7R,16V,10%,,Murata,GRM155R71C104KA88J,CAP CER 0.1uF 16V X7R 0402,STD,,GPS Antenna
C59,1,10uF,C_0805_2012Metric,X7R,16V,10%,,Murata,GRM21BZ71C106KE15L,CAP CER 10uF 16V X7R 0805,STD,,GPS Antenna
C60,1,0.1uF,C_0402_1005Metric,X7R,16V,10%,,Murata,GRM155R71C104KA88J,CAP CER 0.1uF 16V X7R 0402,STD,,GPS Antenna
C61,1,0.1uF,C_0402_1005Metric,X7R,16V,10%,,Murata,GRM155R71C104KA88J,CAP CER 0.1uF 16V X7R 0402,STD,,GPS Antenna
C62,1,1nF,C_0402_1005Metric,C0G,50V,5%,,Murata,GRM1555C1H102FA01J,CAP CER 1nF 50V C0G 0402,STD,,GPS Antenna
C63,1,10nF,C_0402_1005Metric,X7R,16V,10%,,Murata,GRM155R71C103KA01D,CAP CER 10nF 16V X7R 0402,STD,,5V/3.3V Main Power Supply
C64,1,10uF,C_0805_2012Metric,X7R,16V,10%,,Murata,GRM21BZ71C106KE15L,CAP CER 10uF 16V X7R 0805,STD,,5V/3.3V Main Power Supply
C65,1,10uF,C_0805_2012Metric,X7R,16V,10%,,Murata,GRM21BZ71C106KE15L,CAP CER 10uF 16V X7R 0805,STD,,5V/3.3V Main Power Supply
C66,1,10uF,C_0805_2012Metric,X7R,16V,10%,,Murata,GRM21BZ71C106KE15L,CAP CER 10uF 16V X7R 0805,STD,,5V/3.3V Main Power Supply
C67,1,0.1uF,C_0402_1005Metric,X7R,16V,10%,,Murata,GRM155R71C104KA88J,CAP CER 0.1uF 16V X7R 0402,STD,,5V/3.3V Main Power Supply
C68,1,0.1uF,C_0402_1005Metric,X7R,16V,10%,,Murata,GRM155R71C104KA88J,CAP CER 0.1uF 16V X7R 0402,STD,,5V/3.3V Main Power Supply
C69,1,4.7nF,C_0402_1005Metric,X7R,16V,10%,,Murata,GRM155R71C472KA01D,CAP CER 4.7nF 16V X7R 0402,STD,,5V/3.3V Main Power Supply
C70,1,4.7nF,C_0402_1005Metric,X7R,16V,10%,,Murata,GRM155R71C472KA01D,CAP CER 4.7nF 16V X7R 0402,STD,,5V/3.3V Main Power Supply
C71,1,47uF,C_1210_3225Metric,X6S,16V,10%,,Murata,GRM32EC81C476KE15K,CAP CER 47uF 16V X6S 1210,STD,,5V/3.3V Main Power Supply
C72,1,47uF,C_1210_3225Metric,X6S,16V,10%,,Murata,GRM32EC81C476KE15K,CAP CER 47uF 16V X6S 1210,STD,,5V/3.3V Main Power Supply
C73,1,10uF,C_0805_2012Metric,X7R,16V,10%,,Murata,GRM21BZ71C106KE15L,CAP CER 10uF 16V X7R 0805,STD,,5V/3.3V Main Power Supply
C74,1,10uF,C_0805_2012Metric,X7R,16V,10%,,Murata,GRM21BZ71C106KE15L,CAP CER 10uF 16V X7R 0805,STD,,5V/3.3V Main Power Supply
C75,1,2.2uF,C_0805_2012Metric,X7T,100V,10%,,Murata,GRM21BD72A225ME01K,CAP CER 2.2uF 100V X7T 0805,STD,buck HV node,5V/3.3V Main Power Supply
C76,1,10uF,C_0805_2012Metric,X7R,16V,10%,,Murata,GRM21BZ71C106KE15L,CAP CER 10uF 16V X7R 0805,STD,,5V/3.3V Main Power Supply
C77,1,2.2uF,C_0805_2012Metric,X7T,100V,10%,,Murata,GRM21BD72A225ME01K,CAP CER 2.2uF 100V X7T 0805,STD,buck HV node,5V/3.3V Main Power Supply
C78,1,10uF,C_0805_2012Metric,X7R,16V,10%,,Murata,GRM21BZ71C106KE15L,CAP CER 10uF 16V X7R 0805,STD,,5V/3.3V Main Power Supply
C79,1,1uF,C_0603_1608Metric,X7T,100V,10%,,Murata,GRM188D72A105KE01W,CAP CER 1uF 100V X7T 0603,STD,main-power HV,5V/3.3V Main Power Supply
C80,1,2.2uF,C_0805_2012Metric,X7T,100V,10%,,Murata,GRM21BD72A225ME01K,CAP CER 2.2uF 100V X7T 0805,STD,buck HV node,5V/3.3V Main Power Supply
C81,1,4.7uF,C_0805_2012Metric,X7R,16V,10%,,Murata,GRM21BR71C475KE51K,CAP CER 4.7uF 16V X7R 0805,STD,,5V/3.3V Main Power Supply
C82,1,2.2uF,C_0603_1608Metric,X7R,16V,10%,,Murata,GRM188Z71C225KE43D,CAP CER 2.2uF 16V X7R 0603,STD,,5V/3.3V Main Power Supply
C83,1,0.1uF,C_0402_1005Metric,X7R,16V,10%,,Murata,GRM155R71C104KA88J,CAP CER 0.1uF 16V X7R 0402,STD,,5V/3.3V Main Power Supply
C84,1,1uF,C_0603_1608Metric,X7R,16V,10%,,Murata,GRM188R71C105KA12D,CAP CER 1uF 16V X7R 0603,STD,,5V/3.3V Main Power Supply
C85,1,1uF,C_0603_1608Metric,X7R,16V,10%,,Murata,GRM188R71C105KA12D,CAP CER 1uF 16V X7R 0603,STD,,5V/3.3V Main Power Supply
C86,1,0.1uF,C_0402_1005Metric,X7R,16V,10%,,Murata,GRM155R71C104KA88J,CAP CER 0.1uF 16V X7R 0402,STD,,5V/3.3V Main Power Supply
C87,1,0.1uF,C_0402_1005Metric,X7R,16V,10%,,Murata,GRM155R71C104KA88J,CAP CER 0.1uF 16V X7R 0402,STD,,5V/3.3V Main Power Supply
C88,1,10uF,C_0805_2012Metric,X7R,16V,10%,,Murata,GRM21BZ71C106KE15L,CAP CER 10uF 16V X7R 0805,STD,,Battery Backup Supplies
C89,1,10uF,C_0805_2012Metric,X7R,16V,10%,,Murata,GRM21BZ71C106KE15L,CAP CER 10uF 16V X7R 0805,STD,,Battery Backup Supplies
C90,1,3F,Radial,EDLC,3V,5%,,Cornell Dubilier,DSF305Q3R0,CAP CER 3F 3V EDLC Radial,KEEP,supercap 3F -10/+30%,Battery Backup Supplies
C91,1,3F,Radial,EDLC,3V,5%,,Cornell Dubilier,DSF305Q3R0,CAP CER 3F 3V EDLC Radial,KEEP,supercap 3F -10/+30%,Battery Backup Supplies
C92,1,22uF,C_0805_2012Metric,X5R,16V,10%,,Murata,GRM21BR61C226ME44L,CAP CER 22uF 16V X5R 0805,STD,,Battery Backup Supplies
C93,1,22uF,C_0805_2012Metric,X5R,16V,10%,,Murata,GRM21BR61C226ME44L,CAP CER 22uF 16V X5R 0805,STD,,Battery Backup Supplies
C94,1,22uF,C_0805_2012Metric,X5R,16V,10%,,Murata,GRM21BR61C226ME44L,CAP CER 22uF 16V X5R 0805,STD,,Battery Backup Supplies
C95,1,22uF,C_0805_2012Metric,X5R,16V,10%,,Murata,GRM21BR61C226ME44L,CAP CER 22uF 16V X5R 0805,STD,,Battery Backup Supplies
C96,1,22uF,C_0805_2012Metric,X5R,16V,10%,,Murata,GRM21BR61C226ME44L,CAP CER 22uF 16V X5R 0805,STD,,Battery Backup Supplies
C97,1,22uF,C_0805_2012Metric,X5R,16V,10%,,Murata,GRM21BR61C226ME44L,CAP CER 22uF 16V X5R 0805,STD,,Battery Backup Supplies
C98,1,0.1uF,C_0402_1005Metric,C0G/film,16V,5%,,,,CAP CER 0.1uF 16V C0G/film 0402,SELECT,OCXO Vc buffer +IN node (U36); NOT X7R-0.1uF C0G needs film/1210,OCXO
C99,1,0.1uF,C_0402_1005Metric,C0G/film,16V,5%,,,,CAP CER 0.1uF 16V C0G/film 0402,SELECT,OCXO Vc loop-filter node (R121/U36); NOT X7R-needs film/1210,OCXO
C100,1,0.1uF,C_0402_1005Metric,X7R,16V,10%,,Murata,GRM155R71C104KA88J,CAP CER 0.1uF 16V X7R 0402,STD,,OCXO
C101,1,0.1uF,C_0402_1005Metric,C0G/film,16V,5%,,,,CAP CER 0.1uF 16V C0G/film 0402,SELECT,OCXO Vcontrol node (Y3.1); NOT X7R-needs film/1210,OCXO
C102,1,10uF,C_0805_2012Metric,X7R,16V,10%,,Murata,GRM21BZ71C106KE15L,CAP CER 10uF 16V X7R 0805,STD,,OCXO
C103,1,10uF,C_0805_2012Metric,X7R,16V,10%,,Murata,GRM21BZ71C106KE15L,CAP CER 10uF 16V X7R 0805,STD,,OCXO
C104,1,10uF,C_0805_2012Metric,X7R,16V,10%,,Murata,GRM21BZ71C106KE15L,CAP CER 10uF 16V X7R 0805,STD,,OCXO
C105,1,10uF,C_0805_2012Metric,X7R,16V,10%,,Murata,GRM21BZ71C106KE15L,CAP CER 10uF 16V X7R 0805,STD,,OCXO
C106,1,10nF,C_0402_1005Metric,X7R,16V,10%,,Murata,GRM155R71C103KA01D,CAP CER 10nF 16V X7R 0402,STD,,OCXO
C107,1,0.1uF,C_0402_1005Metric,X7R,16V,10%,,Murata,GRM155R71C104KA88J,CAP CER 0.1uF 16V X7R 0402,STD,,OCXO
C108,1,4.7nF,C_0402_1005Metric,X7R,16V,10%,,Murata,GRM155R71C472KA01D,CAP CER 4.7nF 16V X7R 0402,STD,,OCXO
C109,1,22uF,C_0805_2012Metric,X5R,16V,10%,,Murata,GRM21BR61C226ME44L,CAP CER 22uF 16V X5R 0805,STD,OCXO bulk (not Vc path),OCXO
C110,1,10nF,C_0402_1005Metric,X7R,16V,10%,,Murata,GRM155R71C103KA01D,CAP CER 10nF 16V X7R 0402,STD,,OCXO
C111,1,10uF,C_0805_2012Metric,X7R,16V,10%,,Murata,GRM21BZ71C106KE15L,CAP CER 10uF 16V X7R 0805,STD,,OCXO
C112,1,10uF,C_0805_2012Metric,X7R,16V,10%,,Murata,GRM21BZ71C106KE15L,CAP CER 10uF 16V X7R 0805,STD,,OCXO
C113,1,10uF,C_0805_2012Metric,X7R,16V,10%,,Murata,GRM21BZ71C106KE15L,CAP CER 10uF 16V X7R 0805,STD,,OCXO
C114,1,10uF,C_0805_2012Metric,X7R,16V,10%,,Murata,GRM21BZ71C106KE15L,CAP CER 10uF 16V X7R 0805,STD,,OCXO
C115,1,10uF,C_0805_2012Metric,X7R,16V,10%,,Murata,GRM21BZ71C106KE15L,CAP CER 10uF 16V X7R 0805,STD,,OCXO
C116,1,10nF,C_0402_1005Metric,X7R,16V,10%,,Murata,GRM155R71C103KA01D,CAP CER 10nF 16V X7R 0402,STD,,OCXO
C117,1,22uF,C_0805_2012Metric,X5R,16V,10%,,Murata,GRM21BR61C226ME44L,CAP CER 22uF 16V X5R 0805,STD,OCXO bulk (not Vc path),OCXO
C118,1,0.1uF,C_0402_1005Metric,X7R,16V,10%,,Murata,GRM155R71C104KA88J,CAP CER 0.1uF 16V X7R 0402,STD,,OCXO
C119,1,10nF,C_0402_1005Metric,X7R,16V,10%,,Murata,GRM155R71C103KA01D,CAP CER 10nF 16V X7R 0402,STD,,Rb Power
C120,1,0.1uF,C_0402_1005Metric,X7R,16V,10%,,Murata,GRM155R71C104KA88J,CAP CER 0.1uF 16V X7R 0402,STD,,Rb Power
C121,1,0.1uF,C_0402_1005Metric,X7R,16V,10%,,Murata,GRM155R71C104KA88J,CAP CER 0.1uF 16V X7R 0402,STD,,Rb Power
C122,1,0.1uF,C_0402_1005Metric,X7R,16V,10%,,Murata,GRM155R71C104KA88J,CAP CER 0.1uF 16V X7R 0402,STD,,Rb Power
C123,1,0.1uF,C_0402_1005Metric,X7R,16V,10%,,Murata,GRM155R71C104KA88J,CAP CER 0.1uF 16V X7R 0402,STD,,Rb Power
C124,1,0.1uF,C_0402_1005Metric,X7R,16V,10%,,Murata,GRM155R71C104KA88J,CAP CER 0.1uF 16V X7R 0402,STD,,Rb Power
C125,1,47nF,C_0402_1005Metric,C0G,50V,10%,,,,CAP CER 47nF 50V C0G 0402,SELECT,VCC_RB buck-output feedforward-16V underrated on 24.45V rail; re-rate >=50V,Rb Power
C126,1,47uF,C_1210_3225Metric,X7S,50V,10%,,,,CAP CER 47uF 50V X7S 1210,SELECT,VCC_RB buck-output bulk-16V underrated on 24.45V rail; >=50V+DC-bias wont fit 1210 (grow 1812/split),Rb Power
C127,1,47uF,C_1210_3225Metric,X7S,50V,10%,,,,CAP CER 47uF 50V X7S 1210,SELECT,VCC_RB buck-output bulk-16V underrated on 24.45V rail; >=50V+DC-bias wont fit 1210 (grow 1812/split),Rb Power
C128,1,47uF,C_1210_3225Metric,X7S,50V,10%,,,,CAP CER 47uF 50V X7S 1210,SELECT,VCC_RB buck-output bulk-16V underrated on 24.45V rail; >=50V+DC-bias wont fit 1210 (grow 1812/split),Rb Power
C129,1,2.2uF,C_0603_1608Metric,X7R,16V,10%,,Murata,GRM188Z71C225KE43D,CAP CER 2.2uF 16V X7R 0603,STD,,Rb Power
C130,1,1uF,C_0603_1608Metric,X7R,16V,10%,,Murata,GRM188R71C105KA12D,CAP CER 1uF 16V X7R 0603,STD,,Rb Power
C131,1,0.1uF,C_0402_1005Metric,X7R,16V,10%,,Murata,GRM155R71C104KA88J,CAP CER 0.1uF 16V X7R 0402,STD,,Rb Power
C132,1,0.1uF,C_0402_1005Metric,X7R,16V,10%,,Murata,GRM155R71C104KA88J,CAP CER 0.1uF 16V X7R 0402,STD,,Rb Power
C133,1,2.2uF,C_0805_2012Metric,X7T,100V,10%,,Murata,GRM21BD72A225ME01K,CAP CER 2.2uF 100V X7T 0805,STD,buck HV node,Rb Power
C134,1,2.2uF,C_0805_2012Metric,X7T,100V,10%,,Murata,GRM21BD72A225ME01K,CAP CER 2.2uF 100V X7T 0805,STD,buck HV node,Rb Power
C135,1,1uF,C_0603_1608Metric,X7T,100V,10%,,Murata,GRM188D72A105KE01W,CAP CER 1uF 100V X7T 0603,STD,Rb-power HV,Rb Power
C136,1,2.2uF,C_0805_2012Metric,X7T,100V,10%,,Murata,GRM21BD72A225ME01K,CAP CER 2.2uF 100V X7T 0805,STD,buck HV node,Rb Power
C137,1,4.7uF,C_0805_2012Metric,X7R,16V,10%,,Murata,GRM21BR71C475KE51K,CAP CER 4.7uF 16V X7R 0805,STD,,Rb Power
C138,1,2.2uF,C_0603_1608Metric,X7R,16V,10%,,Murata,GRM188Z71C225KE43D,CAP CER 2.2uF 16V X7R 0603,STD,,Rb Power
C139,1,0.1uF,C_0402_1005Metric,X7R,16V,10%,,Murata,GRM155R71C104KA88J,CAP CER 0.1uF 16V X7R 0402,STD,,Rb IO
C140,1,0.1uF,C_0402_1005Metric,X7R,16V,10%,,Murata,GRM155R71C104KA88J,CAP CER 0.1uF 16V X7R 0402,STD,,Rb IO
C141,1,47pF,C_0402_1005Metric,C0G,50V,5%,,Murata,GRM1555C1H470JA01J,CAP CER 47pF 50V C0G 0402,STD,,Rb IO
C142,1,47pF,C_0402_1005Metric,C0G,50V,5%,,Murata,GRM1555C1H470JA01J,CAP CER 47pF 50V C0G 0402,STD,,Rb IO
C143,1,1uF,C_0603_1608Metric,X7R,16V,10%,,Murata,GRM188R71C105KA12D,CAP CER 1uF 16V X7R 0603,STD,,Rb IO
C144,1,0.1uF,C_0402_1005Metric,X7R,16V,10%,,Murata,GRM155R71C104KA88J,CAP CER 0.1uF 16V X7R 0402,STD,,Rb IO
C145,1,0.1uF,C_0402_1005Metric,X7R,16V,10%,,Murata,GRM155R71C104KA88J,CAP CER 0.1uF 16V X7R 0402,STD,,Rb IO
C146,1,47pF,C_0402_1005Metric,C0G,50V,5%,,Murata,GRM1555C1H470JA01J,CAP CER 47pF 50V C0G 0402,STD,,Rb IO
C147,1,47pF,C_0402_1005Metric,C0G,50V,5%,,Murata,GRM1555C1H470JA01J,CAP CER 47pF 50V C0G 0402,STD,,Rb IO
C148,1,10nF,C_0402_1005Metric,X7R,16V,10%,,Murata,GRM155R71C103KA01D,CAP CER 10nF 16V X7R 0402,STD,,Rb IO
C149,1,0.1uF,C_0402_1005Metric,X7R,16V,10%,,Murata,GRM155R71C104KA88J,CAP CER 0.1uF 16V X7R 0402,STD,,Refrence Clock Input
C150,1,0.1uF,C_0402_1005Metric,X7R,16V,10%,,Murata,GRM155R71C104KA88J,CAP CER 0.1uF 16V X7R 0402,STD,,Refrence Clock Input
C151,1,10nF,C_0402_1005Metric,X7R,16V,10%,,Murata,GRM155R71C103KA01D,CAP CER 10nF 16V X7R 0402,STD,,Refrence Clock Input
C152,1,1uF,C_0603_1608Metric,X7R,16V,10%,,Murata,GRM188R71C105KA12D,CAP CER 1uF 16V X7R 0603,STD,,Refrence Clock Input
C153,1,0.1uF,C_0402_1005Metric,X7R,16V,10%,,Murata,GRM155R71C104KA88J,CAP CER 0.1uF 16V X7R 0402,STD,,Refrence Clock Input
C154,1,10uF,C_0805_2012Metric,X7R,16V,10%,,Murata,GRM21BZ71C106KE15L,CAP CER 10uF 16V X7R 0805,STD,,Refrence Clock Input
C155,1,10nF,C_0402_1005Metric,X7R,16V,10%,,Murata,GRM155R71C103KA01D,CAP CER 10nF 16V X7R 0402,STD,,Refrence Clock Input
C156,1,10uF,C_0805_2012Metric,X7R,16V,10%,,Murata,GRM21BZ71C106KE15L,CAP CER 10uF 16V X7R 0805,STD,,Refrence Clock Input
C157,1,1uF,C_0603_1608Metric,X7R,16V,10%,,Murata,GRM188R71C105KA12D,CAP CER 1uF 16V X7R 0603,STD,,Clock MUX
C158,1,0.1uF,C_0402_1005Metric,X7R,16V,10%,,Murata,GRM155R71C104KA88J,CAP CER 0.1uF 16V X7R 0402,STD,,Clock MUX
C159,1,0.1uF,C_0402_1005Metric,X7R,16V,10%,,Murata,GRM155R71C104KA88J,CAP CER 0.1uF 16V X7R 0402,STD,,Clock MUX
C160,1,0.1uF,C_0402_1005Metric,X7R,16V,10%,,Murata,GRM155R71C104KA88J,CAP CER 0.1uF 16V X7R 0402,STD,,Clock MUX
C161,1,0.1uF,C_0402_1005Metric,X7R,16V,10%,,Murata,GRM155R71C104KA88J,CAP CER 0.1uF 16V X7R 0402,STD,,GPIO (page 17)
C162,1,0.1uF,C_0402_1005Metric,X7R,16V,10%,,Murata,GRM155R71C104KA88J,CAP CER 0.1uF 16V X7R 0402,STD,,GPIO (page 17)
C163,1,0.1uF,C_0402_1005Metric,X7R,16V,10%,,Murata,GRM155R71C104KA88J,CAP CER 0.1uF 16V X7R 0402,STD,,GPIO (page 17)
C164,1,0.1uF,C_0402_1005Metric,X7R,16V,10%,,Murata,GRM155R71C104KA88J,CAP CER 0.1uF 16V X7R 0402,STD,,GPIO (page 17)
C165,1,0.1uF,C_0402_1005Metric,X7R,16V,10%,,Murata,GRM155R71C104KA88J,CAP CER 0.1uF 16V X7R 0402,STD,,GPIO (page 17)
C166,1,0.1uF,C_0402_1005Metric,X7R,16V,10%,,Murata,GRM155R71C104KA88J,CAP CER 0.1uF 16V X7R 0402,STD,,GPIO (page 17)
C167,1,0.1uF,C_0402_1005Metric,X7R,16V,10%,,Murata,GRM155R71C104KA88J,CAP CER 0.1uF 16V X7R 0402,STD,,GPIO (page 17)
C168,1,10uF,C_0805_2012Metric,X7R,16V,10%,,Murata,GRM21BZ71C106KE15L,CAP CER 10uF 16V X7R 0805,STD,,LED
C169,1,0.1uF,C_0402_1005Metric,X7R,16V,10%,,Murata,GRM155R71C104KA88J,CAP CER 0.1uF 16V X7R 0402,STD,,LED
C170,1,0.1uF,C_0402_1005Metric,X7R,16V,10%,,Murata,GRM155R71C104KA88J,CAP CER 0.1uF 16V X7R 0402,STD,,I2C Buffer
C171,1,0.1uF,C_0402_1005Metric,X7R,16V,10%,,Murata,GRM155R71C104KA88J,CAP CER 0.1uF 16V X7R 0402,STD,,I2C Peripherals
C172,1,0.1uF,C_0402_1005Metric,X7R,16V,10%,,Murata,GRM155R71C104KA88J,CAP CER 0.1uF 16V X7R 0402,STD,,I2C Peripherals
C173,1,0.1uF,C_0402_1005Metric,X7R,16V,10%,,Murata,GRM155R71C104KA88J,CAP CER 0.1uF 16V X7R 0402,STD,,I2C Peripherals
C174,1,0.1uF,C_0402_1005Metric,X7R,16V,10%,,Murata,GRM155R71C104KA88J,CAP CER 0.1uF 16V X7R 0402,STD,,I2C Peripherals
C175,1,0.1uF,C_0402_1005Metric,X7R,16V,10%,,Murata,GRM155R71C104KA88J,CAP CER 0.1uF 16V X7R 0402,STD,,I2C Peripherals
C176,1,220nF,C_0402_1005Metric,X7R,16V,10%,,Murata,GRM155R71C224KA12D,CAP CER 220nF 16V X7R 0402,STD,,I2C Peripherals
C177,1,0.1uF,C_0402_1005Metric,X7R,16V,10%,,Murata,GRM155R71C104KA88J,CAP CER 0.1uF 16V X7R 0402,STD,,I2C Peripherals
C178,1,0.1uF,C_0402_1005Metric,X7R,16V,10%,,Murata,GRM155R71C104KA88J,CAP CER 0.1uF 16V X7R 0402,STD,,I2C Peripherals
C179,1,0.1uF,C_0402_1005Metric,X7R,16V,10%,,Murata,GRM155R71C104KA88J,CAP CER 0.1uF 16V X7R 0402,STD,,SPI Peripherals
C180,1,0.1uF,C_0402_1005Metric,X7R,16V,10%,,Murata,GRM155R71C104KA88J,CAP CER 0.1uF 16V X7R 0402,STD,,WDT
C181,1,0.1uF,C_0402_1005Metric,X7R,16V,10%,,Murata,GRM155R71C104KA88J,CAP CER 0.1uF 16V X7R 0402,STD,,WDT
C182,1,1uF,C_0402_1005Metric,X7R,16V,10%,,Murata,GRM155R61C105KA12D,CAP CER 1uF 16V X7R 0402,STD,,Rb Power
C183,1,0.1uF,C_0402_1005Metric,X7R,16V,10%,,Murata,GRM155R71C104KA88J,CAP CER 0.1uF 16V X7R 0402,STD,,Refrence Clock Input
C184,1,0.1uF,C_0402_1005Metric,X7R,16V,10%,,Murata,GRM155R71C104KA88J,CAP CER 0.1uF 16V X7R 0402,STD,,Refrence Clock Input
C185,1,0.1uF,C_0402_1005Metric,X7R,16V,10%,,Murata,GRM155R71C104KA88J,CAP CER 0.1uF 16V X7R 0402,STD,,LED
C186,1,4.7nF,C_0402_1005Metric,X7R,2kV,10%,,,,CAP CER 4.7nF 2kV X7R 0402,SELECT,shield-to-chassis HV Y-cap; 0402 impossible-needs 1808/1812,Connectors
C187,1,0.1uF,C_0402_1005Metric,X7R,16V,10%,,Murata,GRM155R71C104KA88J,CAP CER 0.1uF 16V X7R 0402,STD,,GPIO (page 17)
C188,1,0.1uF,C_0402_1005Metric,X7R,16V,10%,,Murata,GRM155R71C104KA88J,CAP CER 0.1uF 16V X7R 0402,STD,,Connectors
C189,1,0.1uF,C_0402_1005Metric,X7R,16V,10%,,Murata,GRM155R71C104KA88J,CAP CER 0.1uF 16V X7R 0402,STD,,Battery Backup Supplies
C190,1,10nF,C_0805_2012Metric,X7R,50V,10%,,Murata,GRM216R71H103KA01D,CAP CER 10nF 50V X7R 0805,STD,,Battery Backup Supplies
C191,1,1uF,C_0402_1005Metric,X7R,16V,10%,,Murata,GRM155R61C105KA12D,CAP CER 1uF 16V X7R 0402,STD,,Battery Backup Supplies
C192,1,10nF,C_0805_2012Metric,X7R,50V,10%,,Murata,GRM216R71H103KA01D,CAP CER 10nF 50V X7R 0805,STD,,Battery Backup Supplies
C193,1,0.1uF,C_0402_1005Metric,X7R,16V,10%,,Murata,GRM155R71C104KA88J,CAP CER 0.1uF 16V X7R 0402,STD,,Optical Encoder
C194,1,0.1uF,C_0402_1005Metric,X7R,16V,10%,,Murata,GRM155R71C104KA88J,CAP CER 0.1uF 16V X7R 0402,STD,,STM32
C195,1,0.1uF,C_0402_1005Metric,X7R,16V,10%,,Murata,GRM155R71C104KA88J,CAP CER 0.1uF 16V X7R 0402,STD,,STM32
C196,1,0.1uF,C_0402_1005Metric,X7R,16V,10%,,Murata,GRM155R71C104KA88J,CAP CER 0.1uF 16V X7R 0402,STD,,STM32
C197,1,0.1uF,C_0402_1005Metric,X7R,16V,10%,,Murata,GRM155R71C104KA88J,CAP CER 0.1uF 16V X7R 0402,STD,,STM32
C198,1,0.1uF,C_0402_1005Metric,X7R,16V,10%,,Murata,GRM155R71C104KA88J,CAP CER 0.1uF 16V X7R 0402,STD,,STM32
C199,1,0.1uF,C_0402_1005Metric,X7R,16V,10%,,Murata,GRM155R71C104KA88J,CAP CER 0.1uF 16V X7R 0402,STD,,STM32
C200,1,1nF,C_0402_1005Metric,C0G,50V,5%,,Murata,GRM1555C1H102FA01J,CAP CER 1nF 50V C0G 0402,STD,,LED
C201,1,1nF,C_0402_1005Metric,C0G,50V,5%,,Murata,GRM1555C1H102FA01J,CAP CER 1nF 50V C0G 0402,STD,,GPIO (page 17)
C202,1,0.1uF,C_0402_1005Metric,X7R,16V,10%,,Murata,GRM155R71C104KA88J,CAP CER 0.1uF 16V X7R 0402,STD,,GPIO (page 17)
C203,1,0.1uF,C_0402_1005Metric,X7R,16V,10%,,Murata,GRM155R71C104KA88J,CAP CER 0.1uF 16V X7R 0402,STD,,Clock MUX
C205,1,0.1uF,C_0402_1005Metric,X7R,16V,10%,,Murata,GRM155R71C104KA88J,CAP CER 0.1uF 16V X7R 0402,STD,,I2C Peripherals
C206,1,10nF,C_0402_1005Metric,X7R,16V,10%,,Murata,GRM155R71C103KA01D,CAP CER 10nF 16V X7R 0402,STD,,Clock MUX
CR1,1,SMCJ58A,DO214AC_LTF,Diode,,,,Littelfuse,SMCJ58A,TVS 58Vwm 1500W unidir,KEEP,DO-214AB (SMC),PoE
D1,1,BAV70LT1G,SOT-23-3,Diode,,,,onsemi,BAV70LT1G,Dual switching diode 100V 200mA,KEEP,SOT-23-3,PoE
D2,1,DF6A6.8FUT1G,Package_TO_SOT_SMD:SOT-363_SC-70-6,Diode,,,,onsemi,DF6A6.8FUT1G,TVS array 5Vwm SC70-6,KEEP,SOT-363,PoE
D3,1,DF6A6.8FUT1G,Package_TO_SOT_SMD:SOT-363_SC-70-6,Diode,,,,onsemi,DF6A6.8FUT1G,TVS array 5Vwm SC70-6,KEEP,SOT-363,PoE
D4,1,BZX84C12,SOT-23,Diode,,,,onsemi,BZX84C12LT1G,Zener 12V 300mW,KEEP,SOT-23,PoE
D5,1,IN-P55TATRGB,Library:LED_IN-P55TATRGB,Diode,,,,Inolux,IN-P55TATRGB,RGB LED clear 6-PLCC,KEEP,PLCC-6,LED
D6,1,SMF5V0A,Diode_SMD:D_SMF,Diode,,,,Littelfuse,SMF5.0A,TVS 5Vwm unidir 200W,KEEP,SMF/DO-219AB,Connectors
D7,1,1.5SMCJ28A,Diode_SMD:D_SMC,Diode,,,,Littelfuse,1.5SMCJ28A,TVS 28Vwm 1500W unidir,KEEP,DO-214AB (SMC),Connectors
D8,1,SZESD7410MXWT5G,X2-DFN,Diode,,,,onsemi,SZESD7410MXWT5G,ESD protection diode,KEEP,X2-DFN,Connectors
D9,1,SZESD7410MXWT5G,X2-DFN,Diode,,,,onsemi,SZESD7410MXWT5G,ESD protection diode,KEEP,X2-DFN,Connectors
D10,1,BAT54J,Diode_SMD:D_SOD-323F,Diode,,,,Nexperia,BAT54J,Schottky 30V 200mA,KEEP,SOD-323F,OCXO
D11,1,BAS16W,Package_TO_SOT_SMD:SOT-323_SC-70,Diode,,,,Nexperia,BAS16W,Switching 100V 175mA,KEEP,SOT-323,Rb Power
D12,1,BAT54S,Package_TO_SOT_SMD:SOT-23,Diode,,,,Nexperia,BAT54S,Dual series Schottky 30V 200mA,KEEP,SOT-23,Rb IO
D13,1,SMAJ15CA,DO-214AC,Diode,,,,Littelfuse,SMAJ15CA,TVS 15Vwm bidir 400W,KEEP,DO-214AC (SMA),Rb IO
D14,1,SMAJ15CA,DO-214AC,Diode,,,,Littelfuse,SMAJ15CA,TVS 15Vwm bidir 400W,KEEP,DO-214AC (SMA),Rb IO
D15,1,BAT54J,Diode_SMD:D_SOD-323F,Diode,,,,Nexperia,BAT54J,Schottky 30V 200mA,KEEP,SOD-323F,Rb IO
D16,1,3V3,SOT-23,Diode,,,,onsemi,BZX84C3V3LT1G,Zener 3.3V; confirm pkg (fp blank as-built),SELECT,SOT-23,Rb IO
D17,1,BAT54J,Diode_SMD:D_SOD-323F,Diode,,,,Nexperia,BAT54J,Schottky 30V 200mA,KEEP,SOD-323F,Rb IO
D18,1,BAT54S,Package_TO_SOT_SMD:SOT-23,Diode,,,,Nexperia,BAT54S,Dual series Schottky 30V 200mA,KEEP,SOT-23,Refrence Clock Input
D19,1,BAT54S,Package_TO_SOT_SMD:SOT-23,Diode,,,,Nexperia,BAT54S,Dual series Schottky 30V 200mA,KEEP,SOT-23,Refrence Clock Input
D20,1,3V3,SOT-23,Diode,,,,onsemi,BZX84C3V3LT1G,Zener 3.3V; confirm pkg (fp blank as-built),SELECT,SOT-23,Refrence Clock Input
D21,1,3V3,SOT-23,Diode,,,,onsemi,BZX84C3V3LT1G,Zener 3.3V; confirm pkg (fp blank as-built),SELECT,SOT-23,Refrence Clock Input
D22,1,SMF5V0A,Diode_SMD:D_SMF,Diode,,,,Littelfuse,SMF5.0A,TVS 5Vwm unidir 200W,KEEP,SMF/DO-219AB,Connectors
D23,1,SZESD7410MXWT5G,X2-DFN,Diode,,,,onsemi,SZESD7410MXWT5G,ESD protection diode,KEEP,X2-DFN,Connectors
D24,1,BAT54J,Diode_SMD:D_SOD-323F,Diode,,,,Nexperia,BAT54J,Schottky 30V 200mA,KEEP,SOD-323F,WDT
D25,1,BZX84C12,SOT-23,Diode,,,,onsemi,BZX84C12LT1G,Zener 12V 300mW,KEEP,SOT-23,Rb Power
FB1,1,600,L_1206_3216Metric,Ferrite bead,,,3A,Murata,BLM31PG601SN1L,FERRITE BEAD 600ohm 1206,STD,600ohm@100MHz,Ethernet PHY
FB2,1,600,L_1206_3216Metric,Ferrite bead,,,3A,Murata,BLM31PG601SN1L,FERRITE BEAD 600ohm 1206,STD,600ohm@100MHz,STM32
FB3,1,600,L_1206_3216Metric,Ferrite bead,,,3A,Murata,BLM31PG601SN1L,FERRITE BEAD 600ohm 1206,STD,600ohm@100MHz,GPS
FB4,1,120,L_0402_1005Metric,Ferrite bead,,,500mA,Murata,BLM15HD121SN1D,FERRITE BEAD 120ohm 0402,STD,120ohm@100MHz,GPS Antenna
FB5,1,600,L_1206_3216Metric,Ferrite bead,,,3A,Murata,BLM31PG601SN1L,FERRITE BEAD 600ohm 1206,STD,600ohm@100MHz,GPS Antenna
FB6,1,600,L_1206_3216Metric,Ferrite bead,,,3A,Murata,BLM31PG601SN1L,FERRITE BEAD 600ohm 1206,STD,600ohm@100MHz,GPS Antenna
FB7,1,600,L_1206_3216Metric,Ferrite bead,,,3A,Murata,BLM31PG601SN1L,FERRITE BEAD 600ohm 1206,STD,600ohm@100MHz,5V/3.3V Main Power Supply
FB8,1,600,L_1206_3216Metric,Ferrite bead,,,3A,Murata,BLM31PG601SN1L,FERRITE BEAD 600ohm 1206,STD,600ohm@100MHz,Rb Power
FB9,1,600,L_1206_3216Metric,Ferrite bead,,,3A,Murata,BLM31PG601SN1L,FERRITE BEAD 600ohm 1206,STD,600ohm@100MHz,Refrence Clock Input
FB10,1,600,L_1206_3216Metric,Ferrite bead,,,3A,Murata,BLM31PG601SN1L,FERRITE BEAD 600ohm 1206,STD,600ohm@100MHz,Clock MUX
FB11,1,600,L_1206_3216Metric,Ferrite bead,,,3A,Murata,BLM31PG601SN1L,FERRITE BEAD 600ohm 1206,STD,600ohm@100MHz,Battery Backup Supplies
FB12,1,600,L_1206_3216Metric,Ferrite bead,,,3A,Murata,BLM31PG601SN1L,FERRITE BEAD 600ohm 1206,STD,600ohm@100MHz,LED
J1,1,0826-1X1T-HS-F,,,,,,Bel/Stewart,0826-1X1T-HS-F,RJ45 magjack 1000BASE-T,KEEP,,Ethernet Input
J2,1,Conn_01x04_Pin,,,,,,,,1x4 2.54mm header - assign PN,SELECT,,Connectors
J3,1,Conn_01x06_Pin,Library:GCT_BG055-06A-1-0450-0530-0350-L-D,,,,,GCT,BG055-06A-1-0450-0530-0350-L-D,1x6 2.54mm header,KEEP,,Connectors
J4,1,Conn_01x14_Pin,,,,,,,,1x14 2.54mm header - assign PN,SELECT,,Connectors
J5,1,USB4120-03-C_REVA6,USB4120-03-C_REVA6:GCT_USB4120-03-C_REVA6,,,,,GCT,USB4120-03-C,USB Type-C receptacle,KEEP,,Connectors
J6,1,DE9_Socket_MountingHoles,,,,,,,,DE-9 socket (RS-232) - assign PN,SELECT,,Connectors
J7,1,Conn_Coaxial,,,,,,,,SMA coax connector - assign PN,SELECT,,Connectors
J8,1,Conn_Coaxial,,,,,,,,SMA coax connector - assign PN,SELECT,,Connectors
J9,1,Conn_Coaxial,,,,,,,,SMA coax connector - assign PN,SELECT,,Connectors
J10,1,Conn_01x02_Pin,,,,,,,,1x2 2.54mm header - assign PN,SELECT,,Connectors
J11,1,Conn_01x08_Pin,,,,,,,,1x8 2.54mm header - assign PN,SELECT,,Connectors
J12,1,06SR-3S,,,,,,JST,06SR-3S,JST SR 6-pin 2.5mm connector,KEEP,,Connectors
J13,1,Conn_01x08_Pin,,,,,,,,1x8 2.54mm header - assign PN,SELECT,,Connectors
J14,1,Conn_01x02_Pin,,,,,,,,1x2 2.54mm header - assign PN,SELECT,,Connectors
J15,1,Conn_Coaxial,,,,,,,,SMA coax connector - assign PN,SELECT,,Connectors
J16,1,06SR-3S,,,,,,JST,06SR-3S,JST SR 6-pin 2.5mm connector,KEEP,,Connectors
K1,1,G6K-2F-Y DC3,,,,,,Omron,G6K-2F-Y DC3,DPDT signal relay 3VDC,KEEP,,Rb IO
K2,1,G6K-2F-Y DC3,,,,,,Omron,G6K-2F-Y DC3,DPDT signal relay 3VDC,KEEP,,WDT
L1,1,47nH,0402,Inductor,,,300mA,Murata,LQG15HS47NJ02D,IND 47nH 300mA,STD,RF choke 0402,GPS Antenna
L2,1,6.8uH,,Inductor,,,11.5A,,,IND 6.8uH 11.5A,SELECT,main 5V buck (U28 MIC28516); Isat>=12A shielded,5V/3.3V Main Power Supply
L3,1,2.2uH,,Inductor,,,4.15A,,,IND 2.2uH 4.15A,SELECT,3V3 buck (U29 AP3441); shielded,5V/3.3V Main Power Supply
L4,1,2.2uH,,Inductor,,,,,,IND 2.2uH,SELECT,TPS61094 backup (U34); size Isat for boost peak,Battery Backup Supplies
L5,1,2.2uH,,Inductor,,,,,,IND 2.2uH,SELECT,TPS61094 backup (U35); size Isat for boost peak,Battery Backup Supplies
L6,1,2.2uH,,Inductor,,,4.15A,,,IND 2.2uH 4.15A,SELECT,OCXO buck (U38 AP3441); shielded,OCXO
L7,1,40uH,,Inductor,,,,,,IND 40uH,SELECT,Rb buck (U40 MIC28516) high-Vout; size Isat,Rb Power
L8,1,600 100MHz,,Ferrite bead,,,3A,Murata,BLM21PG600SN1D,FERRITE BEAD 600 100MHz,STD,ferrite bead 0805,Rb IO
L9,1,600 100MHz,,Ferrite bead,,,3A,Murata,BLM21PG600SN1D,FERRITE BEAD 600 100MHz,STD,ferrite bead 0805,Rb IO
L10,1,PGB1010603MR,IND_PGB_0603_LTF,Ferrite bead,,,,Littelfuse,PGB1010603MR,FERRITE BEAD PGB1010603MR,KEEP,PulseGuard ESD suppressor 0603,Connectors
Q1,1,BC847W,Package_TO_SOT_SMD:SOT-323_SC-70,Transistor,,,,Nexperia,BC847W,NPN 45V 100mA,KEEP,SOT-323,PoE
Q2,1,FDMC8622,8-PowerWDFN,Transistor,,,,onsemi,FDMC8622,N-MOSFET 100V,KEEP,Power-WDFN8,PoE
Q3,1,BC857W,Package_TO_SOT_SMD:SOT-323_SC-70,Transistor,,,,Nexperia,BC857W,PNP 45V 100mA,KEEP,SOT-323,PoE
Q4,1,BC847W,Package_TO_SOT_SMD:SOT-323_SC-70,Transistor,,,,Nexperia,BC847W,NPN 45V 100mA,KEEP,SOT-323,PoE
Q5,1,BC847W,Package_TO_SOT_SMD:SOT-323_SC-70,Transistor,,,,Nexperia,BC847W,NPN 45V 100mA,KEEP,SOT-323,PoE
Q6,1,BC847W,Package_TO_SOT_SMD:SOT-323_SC-70,Transistor,,,,Nexperia,BC847W,NPN 45V 100mA,KEEP,SOT-323,STM32
Q7,1,BC847W,Package_TO_SOT_SMD:SOT-323_SC-70,Transistor,,,,Nexperia,BC847W,NPN 45V 100mA,KEEP,SOT-323,STM32
Q8,1,BC847W,Package_TO_SOT_SMD:SOT-323_SC-70,Transistor,,,,Nexperia,BC847W,NPN 45V 100mA,KEEP,SOT-323,LED
Q9,1,BC847W,Package_TO_SOT_SMD:SOT-323_SC-70,Transistor,,,,Nexperia,BC847W,NPN 45V 100mA,KEEP,SOT-323,LED
Q10,1,BC847W,Package_TO_SOT_SMD:SOT-323_SC-70,Transistor,,,,Nexperia,BC847W,NPN 45V 100mA,KEEP,SOT-323,LED
Q11,1,NSS40300MZ4T1G,Package_TO_SOT_SMD:SOT-223-3_TabPin2,Transistor,,,,onsemi,NSS40300MZ4T1G,PNP 40V 3A,KEEP,SOT-223,GPS Antenna
Q12,1,BC857W,Package_TO_SOT_SMD:SOT-323_SC-70,Transistor,,,,Nexperia,BC857W,PNP 45V 100mA,KEEP,SOT-323,GPS Antenna
Q13,1,BC857W,Package_TO_SOT_SMD:SOT-323_SC-70,Transistor,,,,Nexperia,BC857W,PNP 45V 100mA,KEEP,SOT-323,GPS Antenna
Q14,1,BC847W,Package_TO_SOT_SMD:SOT-323_SC-70,Transistor,,,,Nexperia,BC847W,NPN 45V 100mA,KEEP,SOT-323,GPS Antenna
Q15,1,BC847W,Package_TO_SOT_SMD:SOT-323_SC-70,Transistor,,,,Nexperia,BC847W,NPN 45V 100mA,KEEP,SOT-323,Rb Power
Q16,1,BC847W,Package_TO_SOT_SMD:SOT-323_SC-70,Transistor,,,,Nexperia,BC847W,NPN 45V 100mA,KEEP,SOT-323,Rb Power
Q17,1,BC857W,Package_TO_SOT_SMD:SOT-323_SC-70,Transistor,,,,Nexperia,BC857W,PNP 45V 100mA,KEEP,SOT-323,Rb Power
Q18,1,BC847W,Package_TO_SOT_SMD:SOT-323_SC-70,Transistor,,,,Nexperia,BC847W,NPN 45V 100mA,KEEP,SOT-323,Rb Power
Q19,1,BC847W,Package_TO_SOT_SMD:SOT-323_SC-70,Transistor,,,,Nexperia,BC847W,NPN 45V 100mA,KEEP,SOT-323,Rb Power
Q20,1,BC847W,Package_TO_SOT_SMD:SOT-323_SC-70,Transistor,,,,Nexperia,BC847W,NPN 45V 100mA,KEEP,SOT-323,Rb Power
Q21,1,BC847W,Package_TO_SOT_SMD:SOT-323_SC-70,Transistor,,,,Nexperia,BC847W,NPN 45V 100mA,KEEP,SOT-323,Rb IO
Q22,1,NSS40300MZ4T1G,Package_TO_SOT_SMD:SOT-223-3_TabPin2,Transistor,,,,onsemi,NSS40300MZ4T1G,PNP 40V 3A,KEEP,SOT-223,LED
Q23,1,BC847W,Package_TO_SOT_SMD:SOT-323_SC-70,Transistor,,,,Nexperia,BC847W,NPN 45V 100mA,KEEP,SOT-323,LED
Q24,1,BC847W,Package_TO_SOT_SMD:SOT-323_SC-70,Transistor,,,,Nexperia,BC847W,NPN 45V 100mA,KEEP,SOT-323,WDT
Q25,1,SI7469DP-T1-E3,MOSFET_7DP-T1-GE3_VIS,Transistor,,,,Vishay,SI7469DP-T1-E3,P-MOSFET,KEEP,PowerPAK SO-8,Rb Power
Q26,1,BC847W,Package_TO_SOT_SMD:SOT-323_SC-70,Transistor,,,,Nexperia,BC847W,NPN 45V 100mA,KEEP,SOT-323,Rb Power
R1,1,1M,R_0402_1005Metric,Thick-film,,1%,1/10W,Panasonic,ERJ-2RKF1004X,RES 1M 1% 1/10W 0402,STD,,Ethernet Input
R2,1,1.2M,R_0402_1005Metric,Thick-film,,1%,1/10W,Panasonic,ERJ-2RKF1204X,RES 1.2M 1% 1/10W 0402,STD,,PoE
R3,1,39.2k,R_0402_1005Metric,Thick-film,,1%,1/10W,Panasonic,ERJ-2RKF3922X,RES 39.2k 1% 1/10W 0402,STD,,PoE
R4,1,174k,R_0402_1005Metric,Thick-film,,1%,1/10W,Panasonic,ERJ-2RKF1743X,RES 174k 1% 1/10W 0402,STD,,PoE
R5,1,100k,R_0402_1005Metric,Thick-film,,1%,1/10W,Panasonic,ERJ-2RKF1003X,RES 100k 1% 1/10W 0402,STD,,PoE
R6,1,2M,R_0402_1005Metric,Thick-film,,1%,1/10W,Panasonic,ERJ-2RKF2004X,RES 2M 1% 1/10W 0402,STD,,PoE
R7,1,1k,R_0402_1005Metric,Thick-film,,1%,1/10W,Panasonic,ERJ-2RKF1001X,RES 1k 1% 1/10W 0402,STD,,PoE
R8,1,100k,R_0402_1005Metric,Thick-film,,1%,1/10W,Panasonic,ERJ-2RKF1003X,RES 100k 1% 1/10W 0402,STD,,PoE
R9,1,1.5M,R_0402_1005Metric,Thick-film,,1%,1/10W,Panasonic,ERJ-2RKF1504X,RES 1.5M 1% 1/10W 0402,STD,,PoE
R10,1,1.5M,R_0402_1005Metric,Thick-film,,1%,1/10W,Panasonic,ERJ-2RKF1504X,RES 1.5M 1% 1/10W 0402,STD,,PoE
R11,1,1.5M,R_0402_1005Metric,Thick-film,,1%,1/10W,Panasonic,ERJ-2RKF1504X,RES 1.5M 1% 1/10W 0402,STD,,PoE
R12,1,1.5M,R_0402_1005Metric,Thick-film,,1%,1/10W,Panasonic,ERJ-2RKF1504X,RES 1.5M 1% 1/10W 0402,STD,,PoE
R13,1,232,R_0402_1005Metric,Thick-film,,1%,1/10W,Panasonic,ERJ-2RKF2320X,RES 232 1% 1/10W 0402,STD,,PoE
R14,1,909,R_0402_1005Metric,Thick-film,,1%,1/10W,Panasonic,ERJ-2RKF9090X,RES 909 1% 1/10W 0402,STD,,PoE
R15,1,26.1k,R_0402_1005Metric,Thick-film,,1%,1/10W,Panasonic,ERJ-2RKF2612X,RES 26.1k 1% 1/10W 0402,STD,,PoE
R16,1,25m,R_1206_3216Metric,Metal-strip shunt,,0.5%,1/2W,,,RES 25m SENSE 0.5% 1206,SHUNT-REVIEW,"PD hot-swap current-limit sense (VOUT_N/Q2-S, NCP1095) - NOT an INA228 shunt; confirm value vs final full-scale current, pick 0.5% or 4-terminal",PoE
R17,1,10k,R_0402_1005Metric,Thick-film,,1%,1/10W,Panasonic,ERJ-2RKF1002X,RES 10k 1% 1/10W 0402,STD,,PoE
R18,1,24.9k,R_0402_1005Metric,Thick-film,,1%,1/10W,Panasonic,ERJ-2RKF2492X,RES 24.9k 1% 1/10W 0402,STD,,PoE
R19,1,100k,R_0402_1005Metric,Thick-film,,1%,1/10W,Panasonic,ERJ-2RKF1003X,RES 100k 1% 1/10W 0402,STD,,PoE
R20,1,10k,R_0402_1005Metric,Thick-film,,1%,1/10W,Panasonic,ERJ-2RKF1002X,RES 10k 1% 1/10W 0402,STD,,PoE
R21,1,100k,R_0402_1005Metric,Thick-film,,1%,1/10W,Panasonic,ERJ-2RKF1003X,RES 100k 1% 1/10W 0402,STD,,PoE
R22,1,10k,R_0402_1005Metric,Thick-film,,1%,1/10W,Panasonic,ERJ-2RKF1002X,RES 10k 1% 1/10W 0402,STD,,PoE
R23,1,10k,R_0402_1005Metric,Thick-film,,1%,1/10W,Panasonic,ERJ-2RKF1002X,RES 10k 1% 1/10W 0402,STD,,PoE
R24,1,10k,R_0402_1005Metric,Thick-film,,1%,1/10W,Panasonic,ERJ-2RKF1002X,RES 10k 1% 1/10W 0402,STD,,PoE
R25,1,180k,R_0402_1005Metric,Thick-film,,1%,1/10W,Panasonic,ERJ-2RKF1803X,RES 180k 1% 1/10W 0402,STD,,PoE
R26,1,10k,R_0402_1005Metric,Thick-film,,1%,1/10W,Panasonic,ERJ-2RKF1002X,RES 10k 1% 1/10W 0402,STD,,PoE
R27,1,10k,R_0402_1005Metric,Thick-film,,1%,1/10W,Panasonic,ERJ-2RKF1002X,RES 10k 1% 1/10W 0402,STD,,PoE
R28,1,10k,R_0402_1005Metric,Thick-film,,1%,1/10W,Panasonic,ERJ-2RKF1002X,RES 10k 1% 1/10W 0402,STD,,PoE
R29,1,100k,R_0402_1005Metric,Thick-film,,1%,1/10W,Panasonic,ERJ-2RKF1003X,RES 100k 1% 1/10W 0402,STD,,PoE
R30,1,150m,R_0805_2012Metric,Metal-strip shunt,,0.5%,1/4W,,,RES 150m SENSE 0.5% 0805,SHUNT-REVIEW,"U10 INA228 PoE-input shunt (VOUT_P/V_POE); confirm value vs final full-scale current, pick 0.5% or 4-terminal",PoE
R31,1,100,R_0402_1005Metric,Thick-film,,1%,1/10W,Panasonic,ERJ-2RKF1000X,RES 100 1% 1/10W 0402,STD,,Ethernet PHY
R32,1,100,R_0402_1005Metric,Thick-film,,1%,1/10W,Panasonic,ERJ-2RKF1000X,RES 100 1% 1/10W 0402,STD,,Ethernet PHY
R33,1,100,R_0402_1005Metric,Thick-film,,1%,1/10W,Panasonic,ERJ-2RKF1000X,RES 100 1% 1/10W 0402,STD,,Ethernet PHY
R34,1,100,R_0402_1005Metric,Thick-film,,1%,1/10W,Panasonic,ERJ-2RKF1000X,RES 100 1% 1/10W 0402,STD,,Ethernet PHY
R35,1,10k,R_0402_1005Metric,Thick-film,,1%,1/10W,Panasonic,ERJ-2RKF1002X,RES 10k 1% 1/10W 0402,STD,,Ethernet PHY
R36,1,1.5k,R_0402_1005Metric,Thick-film,,1%,1/10W,Panasonic,ERJ-2RKF1501X,RES 1.5k 1% 1/10W 0402,STD,,Ethernet PHY
R37,1,12.1k,R_0402_1005Metric,Thick-film,,1%,1/10W,Panasonic,ERJ-2RKF1212X,RES 12.1k 1% 1/10W 0402,STD,,Ethernet PHY
R38,1,330,R_0402_1005Metric,Thick-film,,1%,1/10W,Panasonic,ERJ-2RKF3300X,RES 330 1% 1/10W 0402,STD,,Ethernet PHY
R39,1,330,R_0402_1005Metric,Thick-film,,1%,1/10W,Panasonic,ERJ-2RKF3300X,RES 330 1% 1/10W 0402,STD,,Ethernet PHY
R40,1,4.75k,R_0402_1005Metric,Thick-film,,1%,1/10W,Panasonic,ERJ-2RKF4751X,RES 4.75k 1% 1/10W 0402,STD,,Ethernet PHY
R41,1,4.75k,R_0402_1005Metric,Thick-film,,1%,1/10W,Panasonic,ERJ-2RKF4751X,RES 4.75k 1% 1/10W 0402,STD,,Ethernet PHY
R42,1,49.9,R_0402_1005Metric,Thick-film,,1%,1/10W,Panasonic,ERJ-2RKF49R9X,RES 49.9 1% 1/10W 0402,STD,,Ethernet PHY
R43,1,49.9,R_0402_1005Metric,Thick-film,,1%,1/10W,Panasonic,ERJ-2RKF49R9X,RES 49.9 1% 1/10W 0402,STD,,Ethernet PHY
R44,1,49.9,R_0402_1005Metric,Thick-film,,1%,1/10W,Panasonic,ERJ-2RKF49R9X,RES 49.9 1% 1/10W 0402,STD,,Ethernet PHY
R45,1,49.9,R_0402_1005Metric,Thick-film,,1%,1/10W,Panasonic,ERJ-2RKF49R9X,RES 49.9 1% 1/10W 0402,STD,,Ethernet PHY
R46,1,1.5k,R_0402_1005Metric,Thick-film,,1%,1/10W,Panasonic,ERJ-2RKF1501X,RES 1.5k 1% 1/10W 0402,STD,,STM32
R47,1,33.2k,R_0402_1005Metric,Thick-film,,1%,1/10W,Panasonic,ERJ-2RKF3322X,RES 33.2k 1% 1/10W 0402,STD,,STM32
R48,1,50,R_0402_1005Metric,Thick-film,,1%,1/10W,Panasonic,ERJ-2RKF50R0X,RES 50 1% 1/10W 0402,STD,,STM32
R49,1,5k,R_0402_1005Metric,Thick-film,,1%,1/10W,Panasonic,ERJ-2RKF5001X,RES 5k 1% 1/10W 0402,STD,,Ethernet PHY
R50,1,10k,R_0402_1005Metric,Thick-film,,1%,1/10W,Panasonic,ERJ-2RKF1002X,RES 10k 1% 1/10W 0402,STD,,STM32
R51,1,10k,R_0402_1005Metric,Thick-film,,1%,1/10W,Panasonic,ERJ-2RKF1002X,RES 10k 1% 1/10W 0402,STD,,STM32
R52,1,10k,R_0402_1005Metric,Thick-film,,1%,1/10W,Panasonic,ERJ-2RKF1002X,RES 10k 1% 1/10W 0402,STD,,STM32
R53,1,10k,R_0402_1005Metric,Thick-film,,1%,1/10W,Panasonic,ERJ-2RKF1002X,RES 10k 1% 1/10W 0402,STD,,STM32
R54,1,10k,R_0402_1005Metric,Thick-film,,1%,1/10W,Panasonic,ERJ-2RKF1002X,RES 10k 1% 1/10W 0402,STD,,STM32
R55,1,1k,R_0402_1005Metric,Thick-film,,1%,1/10W,Panasonic,ERJ-2RKF1001X,RES 1k 1% 1/10W 0402,STD,,LED
R56,1,10k,R_0402_1005Metric,Thick-film,,1%,1/10W,Panasonic,ERJ-2RKF1002X,RES 10k 1% 1/10W 0402,STD,,LED
R57,1,1.5k,R_0402_1005Metric,Thick-film,,1%,1/10W,Panasonic,ERJ-2RKF1501X,RES 1.5k 1% 1/10W 0402,STD,,LED
R58,1,10k,R_0402_1005Metric,Thick-film,,1%,1/10W,Panasonic,ERJ-2RKF1002X,RES 10k 1% 1/10W 0402,STD,,LED
R59,1,60.4,R_0402_1005Metric,Thick-film,,1%,1/10W,Panasonic,ERJ-2RKF60R4X,RES 60.4 1% 1/10W 0402,STD,,LED
R60,1,174,R_0402_1005Metric,Thick-film,,1%,1/10W,Panasonic,ERJ-2RKF1740X,RES 174 1% 1/10W 0402,STD,,LED
R61,1,221,R_0402_1005Metric,Thick-film,,1%,1/10W,Panasonic,ERJ-2RKF2210X,RES 221 1% 1/10W 0402,STD,,LED
R62,1,3.01k,R_0402_1005Metric,Thick-film,,1%,1/10W,Panasonic,ERJ-2RKF3011X,RES 3.01k 1% 1/10W 0402,STD,,LED
R63,1,10k,R_0402_1005Metric,Thick-film,,1%,1/10W,Panasonic,ERJ-2RKF1002X,RES 10k 1% 1/10W 0402,STD,,LED
R64,1,5.1k,R_0402_1005Metric,Thick-film,,1%,1/10W,Panasonic,ERJ-2RKF5101X,RES 5.1k 1% 1/10W 0402,STD,,Connectors
R65,1,1M,R_0402_1005Metric,Thick-film,,1%,1/10W,Panasonic,ERJ-2RKF1004X,RES 1M 1% 1/10W 0402,STD,,Connectors
R66,1,5.1k,R_0402_1005Metric,Thick-film,,1%,1/10W,Panasonic,ERJ-2RKF5101X,RES 5.1k 1% 1/10W 0402,STD,,Connectors
R67,1,121k,R_0402_1005Metric,Thick-film,,1%,1/10W,Panasonic,ERJ-2RKF1213X,RES 121k 1% 1/10W 0402,STD,,Connectors
R68,1,100k,R_0402_1005Metric,Thick-film,,1%,1/10W,Panasonic,ERJ-2RKF1003X,RES 100k 1% 1/10W 0402,STD,,Connectors
R69,1,100k,R_0402_1005Metric,Thick-film,,1%,1/10W,Panasonic,ERJ-2RKF1003X,RES 100k 1% 1/10W 0402,STD,,GPS
R70,1,374,R_0402_1005Metric,Thick-film,,1%,1/10W,Panasonic,ERJ-2RKF3740X,RES 374 1% 1/10W 0402,STD,,GPS
R71,1,33.2k,R_0402_1005Metric,Thick-film,,1%,1/10W,Panasonic,ERJ-2RKF3322X,RES 33.2k 1% 1/10W 0402,STD,,GPS
R72,1,500m,R_0805_2012Metric,Metal-strip shunt,,0.5%,1/4W,,,RES 500m SENSE 0.5% 0805,SHUNT-REVIEW,"U23 INA228 GPS-VCC shunt (U22-OUT/3V3_GPS); confirm value vs final full-scale current, pick 0.5% or 4-terminal",GPS
R73,1,2.2k,R_0402_1005Metric,Thick-film,,1%,1/10W,Panasonic,ERJ-2RKF2201X,RES 2.2k 1% 1/10W 0402,STD,,GPS Antenna
R74,1,10k,R_0402_1005Metric,Thick-film,,1%,1/10W,Panasonic,ERJ-2RKF1002X,RES 10k 1% 1/10W 0402,STD,,GPS Antenna
R75,1,4.7k,R_0402_1005Metric,Thick-film,,1%,1/10W,Panasonic,ERJ-2RKF4701X,RES 4.7k 1% 1/10W 0402,STD,,GPS Antenna
R76,1,220,R_0402_1005Metric,Thick-film,,1%,1/10W,Panasonic,ERJ-2RKF2200X,RES 220 1% 1/10W 0402,STD,,GPS Antenna
R77,1,3.3,R_1206_3216Metric,Thick-film,,1%,1/4W,Panasonic,ERJ-8ENF3R30V,RES 3.3 1% 1/4W 1206,SELECT,antenna-bias bounding R; 0.25W needs 1206-verify PN/pkg,GPS Antenna
R78,1,100k,R_0402_1005Metric,Thick-film,,1%,1/10W,Panasonic,ERJ-2RKF1003X,RES 100k 1% 1/10W 0402,STD,,GPS Antenna
R79,1,10k,R_0402_1005Metric,Thick-film,,1%,1/10W,Panasonic,ERJ-2RKF1002X,RES 10k 1% 1/10W 0402,STD,,GPS Antenna
R80,1,100k,R_0402_1005Metric,Thick-film,,1%,1/10W,Panasonic,ERJ-2RKF1003X,RES 100k 1% 1/10W 0402,STD,,GPS Antenna
R81,1,100k,R_0402_1005Metric,Thick-film,,1%,1/10W,Panasonic,ERJ-2RKF1003X,RES 100k 1% 1/10W 0402,STD,,GPS Antenna
R82,1,100k,R_0402_1005Metric,Thick-film,,1%,1/10W,Panasonic,ERJ-2RKF1003X,RES 100k 1% 1/10W 0402,STD,,GPS Antenna
R83,1,30k,R_0402_1005Metric,Thick-film,,1%,1/10W,Panasonic,ERJ-2RKF3002X,RES 30k 1% 1/10W 0402,STD,,GPS Antenna
R84,1,10k,R_0402_1005Metric,Thick-film,,1%,1/10W,Panasonic,ERJ-2RKF1002X,RES 10k 1% 1/10W 0402,STD,,GPS Antenna
R85,1,100k,R_0402_1005Metric,Thick-film,,1%,1/10W,Panasonic,ERJ-2RKF1003X,RES 100k 1% 1/10W 0402,STD,,GPS Antenna
R86,1,11k,R_0402_1005Metric,Thick-film,,1%,1/10W,Panasonic,ERJ-2RKF1102X,RES 11k 1% 1/10W 0402,STD,,GPS Antenna
R87,1,10k,R_0402_1005Metric,Thick-film,,1%,1/10W,Panasonic,ERJ-2RKF1002X,RES 10k 1% 1/10W 0402,STD,,GPS Antenna
R88,1,10k,R_0402_1005Metric,Thick-film,,1%,1/10W,Panasonic,ERJ-2RKF1002X,RES 10k 1% 1/10W 0402,STD,,GPS Antenna
R89,1,100m,R_0805_2012Metric,Metal-strip shunt,,0.5%,1/4W,,,RES 100m SENSE 0.5% 0805,SHUNT-REVIEW,"U26 INA228 antenna-bias shunt; confirm value vs final full-scale current, pick 0.5% or 4-terminal",GPS Antenna
R90,1,200k,R_0402_1005Metric,Thick-film,,1%,1/10W,Panasonic,ERJ-2RKF2003X,RES 200k 1% 1/10W 0402,STD,,5V/3.3V Main Power Supply
R91,1,100k,R_0402_1005Metric,Thick-film,,1%,1/10W,Panasonic,ERJ-2RKF1003X,RES 100k 1% 1/10W 0402,STD,,5V/3.3V Main Power Supply
R92,1,10k,R_0402_1005Metric,Thick-film,,1%,1/10W,Panasonic,ERJ-2RKF1002X,RES 10k 1% 1/10W 0402,STD,,5V/3.3V Main Power Supply
R93,1,2.21k,R_0402_1005Metric,Thick-film,,1%,1/10W,Panasonic,ERJ-2RKF2211X,RES 2.21k 1% 1/10W 0402,STD,,5V/3.3V Main Power Supply
R94,1,6.81k,R_0402_1005Metric,Thick-film,,1%,1/10W,Panasonic,ERJ-2RKF6811X,RES 6.81k 1% 1/10W 0402,STD,,5V/3.3V Main Power Supply
R95,1,10k,R_0402_1005Metric,Thick-film,,1%,1/10W,Panasonic,ERJ-2RKF1002X,RES 10k 1% 1/10W 0402,STD,,5V/3.3V Main Power Supply
R96,1,24.9k,R_0402_1005Metric,Thick-film,,1%,1/10W,Panasonic,ERJ-2RKF2492X,RES 24.9k 1% 1/10W 0402,STD,,5V/3.3V Main Power Supply
R97,1,15k,R_0402_1005Metric,Thick-film,,1%,1/10W,Panasonic,ERJ-2RKF1502X,RES 15k 1% 1/10W 0402,STD,,5V/3.3V Main Power Supply
R98,1,2.05k,R_0402_1005Metric,Thick-film,,1%,1/10W,Panasonic,ERJ-2RKF2051X,RES 2.05k 1% 1/10W 0402,STD,,5V/3.3V Main Power Supply
R99,1,10k,R_0402_1005Metric,Thick-film,,1%,1/10W,Panasonic,ERJ-2RKF1002X,RES 10k 1% 1/10W 0402,STD,,5V/3.3V Main Power Supply
R100,1,2.2k,R_0402_1005Metric,Thick-film,,1%,1/10W,Panasonic,ERJ-2RKF2201X,RES 2.2k 1% 1/10W 0402,STD,,5V/3.3V Main Power Supply
R101,1,2.2,R_0402_1005Metric,Thick-film,,1%,1/10W,Panasonic,ERJ-2RKF2R20X,RES 2.2 1% 1/10W 0402,STD,,5V/3.3V Main Power Supply
R102,1,75m,R_0805_2012Metric,Metal-strip shunt,,0.5%,1/4W,,,RES 75m SENSE 0.5% 0805,SHUNT-REVIEW,"U30 INA228 main-3V3 shunt; confirm value vs final full-scale current, pick 0.5% or 4-terminal",5V/3.3V Main Power Supply
R103,1,2.2,R_0402_1005Metric,Thick-film,,1%,1/10W,Panasonic,ERJ-2RKF2R20X,RES 2.2 1% 1/10W 0402,STD,,5V/3.3V Main Power Supply
R104,1,10k,R_0402_1005Metric,Thick-film,,1%,1/10W,Panasonic,ERJ-2RKF1002X,RES 10k 1% 1/10W 0402,STD,,5V/3.3V Main Power Supply
R105,1,10k,R_0402_1005Metric,Thick-film,,1%,1/10W,Panasonic,ERJ-2RKF1002X,RES 10k 1% 1/10W 0402,STD,,5V/3.3V Main Power Supply
R106,1,15m,R_0805_2012Metric,Metal-strip shunt,,0.5%,1/4W,,,RES 15m SENSE 0.5% 0805,SHUNT-REVIEW,"U31 INA228 STM-3V3 shunt (3V3/3V3_STM); confirm value vs final full-scale current, pick 0.5% or 4-terminal",5V/3.3V Main Power Supply
R107,1,100m,R_0805_2012Metric,Metal-strip shunt,,0.5%,1/4W,,,RES 100m SENSE 0.5% 0805,SHUNT-REVIEW,"U32 INA228 5V_DISP shunt; confirm value vs final full-scale current, pick 0.5% or 4-terminal",5V/3.3V Main Power Supply
R108,1,100k,R_0402_1005Metric,Thick-film,,1%,1/10W,Panasonic,ERJ-2RKF1003X,RES 100k 1% 1/10W 0402,STD,,Battery Backup Supplies
R109,1,100k,R_0402_1005Metric,Thick-film,,1%,1/10W,Panasonic,ERJ-2RKF1003X,RES 100k 1% 1/10W 0402,STD,,Battery Backup Supplies
R110,1,100k,R_0402_1005Metric,Thick-film,,1%,1/10W,Panasonic,ERJ-2RKF1003X,RES 100k 1% 1/10W 0402,STD,,Battery Backup Supplies
R111,1,100k,R_0402_1005Metric,Thick-film,,1%,1/10W,Panasonic,ERJ-2RKF1003X,RES 100k 1% 1/10W 0402,STD,,Battery Backup Supplies
R112,1,13.0k,R_0402_1005Metric,Thick-film,,1%,1/10W,Panasonic,ERJ-2RKF1302X,RES 13.0k 1% 1/10W 0402,STD,TPS61094 U34 VCHG -> 2.7V supercap term (125F/51.7C case),Battery Backup Supplies
R113,1,13.0k,R_0402_1005Metric,Thick-film,,1%,1/10W,Panasonic,ERJ-2RKF1302X,RES 13.0k 1% 1/10W 0402,STD,TPS61094 U35 VCHG -> 2.7V supercap term (125F/51.7C case),Battery Backup Supplies
R114,1,9.53k,R_0402_1005Metric,Thick-film,,1%,1/10W,Panasonic,ERJ-2RKF9531X,RES 9.53k 1% 1/10W 0402,STD,,Battery Backup Supplies
R115,1,9.53k,R_0402_1005Metric,Thick-film,,1%,1/10W,Panasonic,ERJ-2RKF9531X,RES 9.53k 1% 1/10W 0402,STD,,Battery Backup Supplies
R116,1,3.09k,R_0402_1005Metric,Thick-film,,1%,1/10W,Panasonic,ERJ-2RKF3091X,RES 3.09k 1% 1/10W 0402,STD,,Battery Backup Supplies
R117,1,3.09k,R_0402_1005Metric,Thick-film,,1%,1/10W,Panasonic,ERJ-2RKF3091X,RES 3.09k 1% 1/10W 0402,STD,,Battery Backup Supplies
R118,1,100k,R_0402_1005Metric,Thick-film,,1%,1/10W,Panasonic,ERJ-2RKF1003X,RES 100k 1% 1/10W 0402,STD,,OCXO
R119,1,100k,R_0402_1005Metric,Thick-film,,1%,1/10W,Panasonic,ERJ-2RKF1003X,RES 100k 1% 1/10W 0402,STD,,OCXO
R120,1,100k,R_0402_1005Metric,Thick-film,,1%,1/10W,Panasonic,ERJ-2RKF1003X,RES 100k 1% 1/10W 0402,STD,,OCXO
R121,1,10M,R_0402_1005Metric,Thick-film,,1%,1/10W,Panasonic,ERJ-2RKF1005X,RES 10M 1% 1/10W 0402,STD,,OCXO
R122,1,1k,R_0402_1005Metric,Thick-film,,1%,1/10W,Panasonic,ERJ-2RKF1001X,RES 1k 1% 1/10W 0402,STD,,OCXO
R123,1,22,R_0402_1005Metric,Thick-film,,1%,1/10W,Panasonic,ERJ-2RKF22R0X,RES 22 1% 1/10W 0402,STD,,OCXO
R124,1,10k,R_0402_1005Metric,Thick-film,,1%,1/10W,Panasonic,ERJ-2RKF1002X,RES 10k 1% 1/10W 0402,STD,,OCXO
R125,1,3.57k,R_0402_1005Metric,Thick-film,,1%,1/10W,Panasonic,ERJ-2RKF3571X,RES 3.57k 1% 1/10W 0402,STD,,OCXO
R126,1,25m,R_0805_2012Metric,Metal-strip shunt,,0.5%,1/4W,,,RES 25m SENSE 0.5% 0805,SHUNT-REVIEW,"U37 INA228 OCXO shunt; confirm value vs final full-scale current, pick 0.5% or 4-terminal",OCXO
R127,1,12.4k,R_0402_1005Metric,Thick-film,,1%,1/10W,Panasonic,ERJ-2RKF1242X,RES 12.4k 1% 1/10W 0402,STD,,OCXO
R128,1,2.4k,R_0402_1005Metric,Thick-film,,1%,1/10W,Panasonic,ERJ-2RKF2401X,RES 2.4k 1% 1/10W 0402,STD,,OCXO
R129,1,12.1k,R_0603_1608Metric,Thin-film,,0.1%,1/10W,TE Connectivity,RQ73C1J12K1BTD,RES 12.1k 0.1% 0.15W 0603,SPECIAL-KEEP,,OCXO
R130,1,3.83k,R_0603_1608Metric,Thin-film,,0.1%,1/10W,TE Connectivity,RQ73C1J3K83BTD,RES 3.83k 0.1% 0.15W 0603,SPECIAL-KEEP,,OCXO
R131,1,10k,R_0402_1005Metric,Thick-film,,1%,1/10W,Panasonic,ERJ-2RKF1002X,RES 10k 1% 1/10W 0402,STD,,OCXO
R132,1,200k,R_0402_1005Metric,Thick-film,,1%,1/10W,Panasonic,ERJ-2RKF2003X,RES 200k 1% 1/10W 0402,STD,,Rb Power
R133,1,100k,R_0402_1005Metric,Thick-film,,1%,1/10W,Panasonic,ERJ-2RKF1003X,RES 100k 1% 1/10W 0402,STD,,Rb Power
R134,1,3.01k,R_0402_1005Metric,Thick-film,,1%,1/10W,Panasonic,ERJ-2RKF3011X,RES 3.01k 1% 1/10W 0402,STD,,Rb Power
R135,1,10k,R_0402_1005Metric,Thick-film,,1%,1/10W,Panasonic,ERJ-2RKF1002X,RES 10k 1% 1/10W 0402,STD,,Rb Power
R136,1,4.99k,R_0402_1005Metric,Thick-film,,1%,1/10W,Panasonic,ERJ-2RKF4991X,RES 4.99k 1% 1/10W 0402,STD,,Rb Power
R137,1,10k,R_0402_1005Metric,Thick-film,,1%,1/10W,Panasonic,ERJ-2RKF1002X,RES 10k 1% 1/10W 0402,STD,,Rb Power
R138,1,120k,R_0402_1005Metric,Thick-film,,1%,1/10W,Panasonic,ERJ-2RKF1203X,RES 120k 1% 1/10W 0402,STD,,Rb Power
R139,1,10k,R_0402_1005Metric,Thick-film,,1%,1/10W,Panasonic,ERJ-2RKF1002X,RES 10k 1% 1/10W 0402,STD,,Rb Power
R140,1,2.21k,R_0402_1005Metric,Thick-film,,1%,1/10W,Panasonic,ERJ-2RKF2211X,RES 2.21k 1% 1/10W 0402,STD,,Rb Power
R141,1,1M,R_0402_1005Metric,Thick-film,,1%,1/10W,Panasonic,ERJ-2RKF1004X,RES 1M 1% 1/10W 0402,STD,,Rb Power
R142,1,47k,R_0402_1005Metric,Thick-film,,1%,1/10W,Panasonic,ERJ-2RKF4702X,RES 47k 1% 1/10W 0402,STD,,Rb Power
R143,1,10k,R_0402_1005Metric,Thick-film,,1%,1/10W,Panasonic,ERJ-2RKF1002X,RES 10k 1% 1/10W 0402,STD,,Rb Power
R144,1,10.7k,R_0402_1005Metric,Thick-film,,1%,1/10W,Panasonic,ERJ-2RKF1072X,RES 10.7k 1% 1/10W 0402,STD,,Rb Power
R145,1,10k,R_0402_1005Metric,Thick-film,,1%,1/10W,Panasonic,ERJ-2RKF1002X,RES 10k 1% 1/10W 0402,STD,,Rb Power
R146,1,100k,R_0402_1005Metric,Thick-film,,1%,1/10W,Panasonic,ERJ-2RKF1003X,RES 100k 1% 1/10W 0402,STD,,Rb Power
R147,1,20k,R_0402_1005Metric,Thick-film,,1%,1/10W,Panasonic,ERJ-2RKF2002X,RES 20k 1% 1/10W 0402,STD,,Rb Power
R148,1,604,R_0402_1005Metric,Thick-film,,1%,1/10W,Panasonic,ERJ-2RKF6040X,RES 604 1% 1/10W 0402,STD,,Rb Power
R149,1,10k,R_0402_1005Metric,Thick-film,,1%,1/10W,Panasonic,ERJ-2RKF1002X,RES 10k 1% 1/10W 0402,STD,,Rb Power
R150,1,10k,R_0402_1005Metric,Thick-film,,1%,1/10W,Panasonic,ERJ-2RKF1002X,RES 10k 1% 1/10W 0402,STD,,Rb Power
R151,1,4.7k,R_0402_1005Metric,Thick-film,,1%,1/10W,Panasonic,ERJ-2RKF4701X,RES 4.7k 1% 1/10W 0402,STD,,Rb Power
R152,1,100k,R_0402_1005Metric,Thick-film,,1%,1/10W,Panasonic,ERJ-2RKF1003X,RES 100k 1% 1/10W 0402,STD,,Rb Power
R153,1,18k,R_0402_1005Metric,Thick-film,,1%,1/10W,Panasonic,ERJ-2RKF1802X,RES 18k 1% 1/10W 0402,STD,,Rb Power
R154,1,33k,R_0402_1005Metric,Thick-film,,1%,1/10W,Panasonic,ERJ-2RKF3302X,RES 33k 1% 1/10W 0402,STD,,Rb Power
R155,1,10k,R_0402_1005Metric,Thick-film,,1%,1/10W,Panasonic,ERJ-2RKF1002X,RES 10k 1% 1/10W 0402,STD,,Rb Power
R156,1,4.7k,R_0402_1005Metric,Thick-film,,1%,1/10W,Panasonic,ERJ-2RKF4701X,RES 4.7k 1% 1/10W 0402,STD,,Rb Power
R157,1,10k,R_0402_1005Metric,Thick-film,,1%,1/10W,Panasonic,ERJ-2RKF1002X,RES 10k 1% 1/10W 0402,STD,,Rb Power
R158,1,10k,R_0402_1005Metric,Thick-film,,1%,1/10W,Panasonic,ERJ-2RKF1002X,RES 10k 1% 1/10W 0402,STD,,Rb Power
R159,1,20m,R_0805_2012Metric,Metal-strip shunt,,0.5%,1/4W,,,RES 20m SENSE 0.5% 0805,SHUNT-REVIEW,"U44 INA228 Rb/VCC_RB shunt; confirm value vs final full-scale current, pick 0.5% or 4-terminal",Rb Power
R160,1,10k,R_0402_1005Metric,Thick-film,,1%,1/10W,Panasonic,ERJ-2RKF1002X,RES 10k 1% 1/10W 0402,STD,,Rb Power
R161,1,10k,R_0402_1005Metric,Thick-film,,1%,1/10W,Panasonic,ERJ-2RKF1002X,RES 10k 1% 1/10W 0402,STD,,Rb Power
R162,1,2.2,R_0402_1005Metric,Thick-film,,1%,1/10W,Panasonic,ERJ-2RKF2R20X,RES 2.2 1% 1/10W 0402,STD,,Rb Power
R163,1,2.2,R_0402_1005Metric,Thick-film,,1%,1/10W,Panasonic,ERJ-2RKF2R20X,RES 2.2 1% 1/10W 0402,STD,,Rb Power
R164,1,100k,R_0402_1005Metric,Thick-film,,1%,1/10W,Panasonic,ERJ-2RKF1003X,RES 100k 1% 1/10W 0402,STD,,Rb IO
R165,1,51,R_0402_1005Metric,Thick-film,,1%,1/10W,Panasonic,ERJ-2RKF51R0X,RES 51 1% 1/10W 0402,STD,,Rb IO
R166,1,51,R_0402_1005Metric,Thick-film,,1%,1/10W,Panasonic,ERJ-2RKF51R0X,RES 51 1% 1/10W 0402,STD,,Rb IO
R167,1,220,R_0402_1005Metric,Thick-film,,1%,1/10W,Panasonic,ERJ-2RKF2200X,RES 220 1% 1/10W 0402,STD,,Rb IO
R168,1,10k,R_0402_1005Metric,Thick-film,,1%,1/10W,Panasonic,ERJ-2RKF1002X,RES 10k 1% 1/10W 0402,STD,,Rb IO
R169,1,10k,R_0402_1005Metric,Thick-film,,1%,1/10W,Panasonic,ERJ-2RKF1002X,RES 10k 1% 1/10W 0402,STD,,Rb IO
R170,1,470,R_0402_1005Metric,Thick-film,,1%,1/10W,Panasonic,ERJ-2RKF4700X,RES 470 1% 1/10W 0402,STD,,Rb IO
R171,1,4.7k,R_0402_1005Metric,Thick-film,,1%,1/10W,Panasonic,ERJ-2RKF4701X,RES 4.7k 1% 1/10W 0402,STD,,Rb IO
R172,1,470,R_0402_1005Metric,Thick-film,,1%,1/10W,Panasonic,ERJ-2RKF4700X,RES 470 1% 1/10W 0402,STD,,Rb IO
R173,1,22k,R_0402_1005Metric,Thick-film,,1%,1/10W,Panasonic,ERJ-2RKF2202X,RES 22k 1% 1/10W 0402,STD,,Rb IO
R174,1,47k,R_0402_1005Metric,Thick-film,,1%,1/10W,Panasonic,ERJ-2RKF4702X,RES 47k 1% 1/10W 0402,STD,,Refrence Clock Input
R175,1,47k,R_0402_1005Metric,Thick-film,,1%,1/10W,Panasonic,ERJ-2RKF4702X,RES 47k 1% 1/10W 0402,STD,,Refrence Clock Input
R176,1,100k,R_0402_1005Metric,Thick-film,,1%,1/10W,Panasonic,ERJ-2RKF1003X,RES 100k 1% 1/10W 0402,STD,,Refrence Clock Input
R177,1,49.9,R_0402_1005Metric,Thick-film,,1%,1/10W,Panasonic,ERJ-2RKF49R9X,RES 49.9 1% 1/10W 0402,STD,,Refrence Clock Input
R178,1,100,R_0402_1005Metric,Thick-film,,1%,1/10W,Panasonic,ERJ-2RKF1000X,RES 100 1% 1/10W 0402,STD,,Refrence Clock Input
R179,1,10k,R_0402_1005Metric,Thick-film,,1%,1/10W,Panasonic,ERJ-2RKF1002X,RES 10k 1% 1/10W 0402,STD,,Refrence Clock Input
R180,1,10k,R_0402_1005Metric,Thick-film,,1%,1/10W,Panasonic,ERJ-2RKF1002X,RES 10k 1% 1/10W 0402,STD,,Refrence Clock Input
R181,1,1k,R_0402_1005Metric,Thick-film,,1%,1/10W,Panasonic,ERJ-2RKF1001X,RES 1k 1% 1/10W 0402,STD,,Refrence Clock Input
R182,1,100k,R_0402_1005Metric,Thick-film,,1%,1/10W,Panasonic,ERJ-2RKF1003X,RES 100k 1% 1/10W 0402,STD,,Refrence Clock Input
R183,1,33,R_0402_1005Metric,Thick-film,,1%,1/10W,Panasonic,ERJ-2RKF33R0X,RES 33 1% 1/10W 0402,STD,,Refrence Clock Input
R184,1,33,R_0402_1005Metric,Thick-film,,1%,1/10W,Panasonic,ERJ-2RKF33R0X,RES 33 1% 1/10W 0402,STD,,Refrence Clock Input
R185,1,1.5k,R_0402_1005Metric,Thick-film,,1%,1/10W,Panasonic,ERJ-2RKF1501X,RES 1.5k 1% 1/10W 0402,STD,,Refrence Clock Input
R186,1,30.1k,R_0402_1005Metric,Thick-film,,1%,1/10W,Panasonic,ERJ-2RKF3012X,RES 30.1k 1% 1/10W 0402,STD,,Refrence Clock Input
R187,1,22,R_0402_1005Metric,Thick-film,,1%,1/10W,Panasonic,ERJ-2RKF22R0X,RES 22 1% 1/10W 0402,STD,,Clock MUX
R188,1,100k,R_0402_1005Metric,Thick-film,,1%,1/10W,Panasonic,ERJ-2RKF1003X,RES 100k 1% 1/10W 0402,STD,,Clock MUX
R189,1,22,R_0402_1005Metric,Thick-film,,1%,1/10W,Panasonic,ERJ-2RKF22R0X,RES 22 1% 1/10W 0402,STD,,Clock MUX
R190,1,10k,R_0402_1005Metric,Thick-film,,1%,1/10W,Panasonic,ERJ-2RKF1002X,RES 10k 1% 1/10W 0402,STD,,GPIO (page 17)
R191,1,10k,R_0402_1005Metric,Thick-film,,1%,1/10W,Panasonic,ERJ-2RKF1002X,RES 10k 1% 1/10W 0402,STD,,GPIO (page 17)
R192,1,10k,R_0402_1005Metric,Thick-film,,1%,1/10W,Panasonic,ERJ-2RKF1002X,RES 10k 1% 1/10W 0402,STD,,GPIO (page 17)
R193,1,10k,R_0402_1005Metric,Thick-film,,1%,1/10W,Panasonic,ERJ-2RKF1002X,RES 10k 1% 1/10W 0402,STD,,GPIO (page 17)
R194,1,10k,R_0402_1005Metric,Thick-film,,1%,1/10W,Panasonic,ERJ-2RKF1002X,RES 10k 1% 1/10W 0402,STD,,GPIO (page 17)
R195,1,10k,R_0402_1005Metric,Thick-film,,1%,1/10W,Panasonic,ERJ-2RKF1002X,RES 10k 1% 1/10W 0402,STD,,GPIO (page 17)
R196,1,10k,R_0402_1005Metric,Thick-film,,1%,1/10W,Panasonic,ERJ-2RKF1002X,RES 10k 1% 1/10W 0402,STD,,GPIO (page 17)
R197,1,453k,R_0402_1005Metric,Thick-film,,1%,1/10W,Panasonic,ERJ-2RKF4533X,RES 453k 1% 1/10W 0402,STD,,GPS
R198,1,10k,R_0402_1005Metric,Thick-film,,1%,1/10W,Panasonic,ERJ-2RKF1002X,RES 10k 1% 1/10W 0402,STD,,LED
R199,1,220m,R_0805_2012Metric,Metal-strip shunt,,0.5%,1/4W,,,RES 220m SENSE 0.5% 0805,SHUNT-REVIEW,"U54 INA228 panel-LED shunt; confirm value vs final full-scale current, pick 0.5% or 4-terminal",LED
R200,1,10k,R_0402_1005Metric,Thick-film,,1%,1/10W,Panasonic,ERJ-2RKF1002X,RES 10k 1% 1/10W 0402,STD,,GPS Antenna
R201,1,10k,R_0402_1005Metric,Thick-film,,1%,1/10W,Panasonic,ERJ-2RKF1002X,RES 10k 1% 1/10W 0402,STD,,LED
R202,1,4.7k,R_0402_1005Metric,Thick-film,,1%,1/10W,Panasonic,ERJ-2RKF4701X,RES 4.7k 1% 1/10W 0402,STD,,I2C Buffer
R203,1,4.7k,R_0402_1005Metric,Thick-film,,1%,1/10W,Panasonic,ERJ-2RKF4701X,RES 4.7k 1% 1/10W 0402,STD,,I2C Buffer
R204,1,10k,R_0402_1005Metric,Thick-film,,1%,1/10W,Panasonic,ERJ-2RKF1002X,RES 10k 1% 1/10W 0402,STD,,SPI Peripherals
R205,1,10k,R_0402_1005Metric,Thick-film,,1%,1/10W,Panasonic,ERJ-2RKF1002X,RES 10k 1% 1/10W 0402,STD,,SPI Peripherals
R206,1,10k,R_0402_1005Metric,Thick-film,,1%,1/10W,Panasonic,ERJ-2RKF1002X,RES 10k 1% 1/10W 0402,STD,,SPI Peripherals
R207,1,10k,R_0402_1005Metric,Thick-film,,1%,1/10W,Panasonic,ERJ-2RKF1002X,RES 10k 1% 1/10W 0402,STD,,SPI Peripherals
R208,1,10k,R_0402_1005Metric,Thick-film,,1%,1/10W,Panasonic,ERJ-2RKF1002X,RES 10k 1% 1/10W 0402,STD,,SPI Peripherals
R209,1,10k,R_0402_1005Metric,Thick-film,,1%,1/10W,Panasonic,ERJ-2RKF1002X,RES 10k 1% 1/10W 0402,STD,,SPI Peripherals
R210,1,22,R_0402_1005Metric,Thick-film,,1%,1/10W,Panasonic,ERJ-2RKF22R0X,RES 22 1% 1/10W 0402,STD,,SPI Peripherals
R211,1,22,R_0402_1005Metric,Thick-film,,1%,1/10W,Panasonic,ERJ-2RKF22R0X,RES 22 1% 1/10W 0402,STD,,SPI Peripherals
R212,1,10k,R_0402_1005Metric,Thick-film,,1%,1/10W,Panasonic,ERJ-2RKF1002X,RES 10k 1% 1/10W 0402,STD,,SPI Peripherals
R213,1,100k,R_0402_1005Metric,Thick-film,,1%,1/10W,Panasonic,ERJ-2RKF1003X,RES 100k 1% 1/10W 0402,STD,,WDT
R214,1,49.9k,R_0402_1005Metric,Thick-film,,1%,1/10W,Panasonic,ERJ-2RKF4992X,RES 49.9k 1% 1/10W 0402,STD,,GPS
R215,1,10k,R_0402_1005Metric,Thick-film,,1%,1/10W,Panasonic,ERJ-2RKF1002X,RES 10k 1% 1/10W 0402,STD,,GPS
R216,1,4.7k,R_0805_2012Metric,Thick-film,,1%,1/8W,Panasonic,ERJ-6ENF4701V,RES 4.7k 1% 1/8W 0805,STD,as-built 0805 (power/size),LED
R217,1,820,R_0805_2012Metric,Thick-film,,1%,1/8W,Panasonic,ERJ-6ENF8200V,RES 820 1% 1/8W 0805,STD,as-built 0805 (power/size),LED
R218,1,49.9k,R_0402_1005Metric,Thick-film,,1%,1/10W,Panasonic,ERJ-2RKF4992X,RES 49.9k 1% 1/10W 0402,STD,,Refrence Clock Input
R219,1,402k,R_0402_1005Metric,Thick-film,,1%,1/10W,Panasonic,ERJ-2RKF4023X,RES 402k 1% 1/10W 0402,STD,,Refrence Clock Input
R220,1,10k,R_0402_1005Metric,Thick-film,,1%,1/10W,Panasonic,ERJ-2RKF1002X,RES 10k 1% 1/10W 0402,STD,,GPIO (page 17)
R221,1,10k,R_0402_1005Metric,Thick-film,,1%,1/10W,Panasonic,ERJ-2RKF1002X,RES 10k 1% 1/10W 0402,STD,,GPIO (page 17)
R222,1,10k,R_0402_1005Metric,Thick-film,,1%,1/10W,Panasonic,ERJ-2RKF1002X,RES 10k 1% 1/10W 0402,STD,,GPIO (page 17)
R223,1,10k,R_0402_1005Metric,Thick-film,,1%,1/10W,Panasonic,ERJ-2RKF1002X,RES 10k 1% 1/10W 0402,STD,,GPIO (page 17)
R224,1,10k,R_0402_1005Metric,Thick-film,,1%,1/10W,Panasonic,ERJ-2RKF1002X,RES 10k 1% 1/10W 0402,STD,,GPIO (page 17)
R225,1,10k,R_0402_1005Metric,Thick-film,,1%,1/10W,Panasonic,ERJ-2RKF1002X,RES 10k 1% 1/10W 0402,STD,,GPIO (page 17)
R226,1,10k,R_0402_1005Metric,Thick-film,,1%,1/10W,Panasonic,ERJ-2RKF1002X,RES 10k 1% 1/10W 0402,STD,,GPIO (page 17)
R227,1,10k,R_0402_1005Metric,Thick-film,,1%,1/10W,Panasonic,ERJ-2RKF1002X,RES 10k 1% 1/10W 0402,STD,,GPIO (page 17)
R228,1,5k,R_0402_1005Metric,Thick-film,,1%,1/10W,Panasonic,ERJ-2RKF5001X,RES 5k 1% 1/10W 0402,STD,,Ethernet PHY
R229,1,5k,R_0402_1005Metric,Thick-film,,1%,1/10W,Panasonic,ERJ-2RKF5001X,RES 5k 1% 1/10W 0402,STD,,Ethernet PHY
R230,1,5k,R_0402_1005Metric,Thick-film,,1%,1/10W,Panasonic,ERJ-2RKF5001X,RES 5k 1% 1/10W 0402,STD,,Ethernet PHY
R231,1,1M,R_0402_1005Metric,Thick-film,,1%,1/10W,Panasonic,ERJ-2RKF1004X,RES 1M 1% 1/10W 0402,STD,,Connectors
R232,1,1.21k,R_0402_1005Metric,Thick-film,,1%,1/10W,Panasonic,ERJ-2RKF1211X,RES 1.21k 1% 1/10W 0402,STD,,STM32
R233,1,10k,R_0402_1005Metric,Thick-film,,1%,1/10W,Panasonic,ERJ-2RKF1002X,RES 10k 1% 1/10W 0402,STD,,STM32
R234,1,4.7k,R_0402_1005Metric,Thick-film,,1%,1/10W,Panasonic,ERJ-2RKF4701X,RES 4.7k 1% 1/10W 0402,STD,,LED
R235,1,10k,R_0402_1005Metric,Thick-film,,1%,1/10W,Panasonic,ERJ-2RKF1002X,RES 10k 1% 1/10W 0402,STD,,LED
R236,1,10k,R_0402_1005Metric,Thick-film,,1%,1/10W,Panasonic,ERJ-2RKF1002X,RES 10k 1% 1/10W 0402,STD,,GPIO (page 17)
R237,1,100k,R_0402_1005Metric,Thick-film,,1%,1/10W,Panasonic,ERJ-2RKF1003X,RES 100k 1% 1/10W 0402,STD,,Battery Backup Supplies
R238,1,2M,R_0402_1005Metric,Thick-film,,1%,1/10W,Panasonic,ERJ-2RKF2004X,RES 2M 1% 1/10W 0402,STD,,Battery Backup Supplies
R239,1,110k,R_0402_1005Metric,Thick-film,,1%,1/10W,Panasonic,ERJ-2RKF1103X,RES 110k 1% 1/10W 0402,STD,,Battery Backup Supplies
R240,1,150k,R_0402_1005Metric,Thick-film,,1%,1/10W,Panasonic,ERJ-2RKF1503X,RES 150k 1% 1/10W 0402,STD,,Battery Backup Supplies
R241,1,10k,R_0402_1005Metric,Thick-film,,1%,1/10W,Panasonic,ERJ-2RKF1002X,RES 10k 1% 1/10W 0402,STD,,Battery Backup Supplies
R242,1,110k,R_0402_1005Metric,Thick-film,,1%,1/10W,Panasonic,ERJ-2RKF1103X,RES 110k 1% 1/10W 0402,STD,,Battery Backup Supplies
R243,1,150k,R_0402_1005Metric,Thick-film,,1%,1/10W,Panasonic,ERJ-2RKF1503X,RES 150k 1% 1/10W 0402,STD,,Battery Backup Supplies
R244,1,100k,R_0402_1005Metric,Thick-film,,1%,1/10W,Panasonic,ERJ-2RKF1003X,RES 100k 1% 1/10W 0402,STD,,Battery Backup Supplies
R245,1,2M,R_0402_1005Metric,Thick-film,,1%,1/10W,Panasonic,ERJ-2RKF2004X,RES 2M 1% 1/10W 0402,STD,,Battery Backup Supplies
R246,1,10k,R_0402_1005Metric,Thick-film,,1%,1/10W,Panasonic,ERJ-2RKF1002X,RES 10k 1% 1/10W 0402,STD,,Battery Backup Supplies
R247,1,91,R_0805_2012Metric,Thick-film,,1%,1/8W,Panasonic,ERJ-6ENF91R0V,RES 91 1% 1/8W 0805,STD,as-built 0805 (power/size),LED
R248,1,91,R_0805_2012Metric,Thick-film,,1%,1/8W,Panasonic,ERJ-6ENF91R0V,RES 91 1% 1/8W 0805,STD,as-built 0805 (power/size),LED
R249,1,91,R_0805_2012Metric,Thick-film,,1%,1/8W,Panasonic,ERJ-6ENF91R0V,RES 91 1% 1/8W 0805,STD,as-built 0805 (power/size),LED
R250,1,91,R_0805_2012Metric,Thick-film,,1%,1/8W,Panasonic,ERJ-6ENF91R0V,RES 91 1% 1/8W 0805,STD,as-built 0805 (power/size),LED
R251,1,91,R_0805_2012Metric,Thick-film,,1%,1/8W,Panasonic,ERJ-6ENF91R0V,RES 91 1% 1/8W 0805,STD,as-built 0805 (power/size),LED
R252,1,91,R_0805_2012Metric,Thick-film,,1%,1/8W,Panasonic,ERJ-6ENF91R0V,RES 91 1% 1/8W 0805,STD,as-built 0805 (power/size),LED
R253,1,150,R_0805_2012Metric,Thick-film,,1%,1/8W,Panasonic,ERJ-6ENF1500V,RES 150 1% 1/8W 0805,STD,as-built 0805 (power/size),LED
R254,1,10k,R_0402_1005Metric,Thick-film,,1%,1/10W,Panasonic,ERJ-2RKF1002X,RES 10k 1% 1/10W 0402,STD,,GPIO (page 17)
R255,1,33,R_0402_1005Metric,Thick-film,,1%,1/10W,Panasonic,ERJ-2RKF33R0X,RES 33 1% 1/10W 0402,STD,,Clock MUX
R256,1,33,R_0402_1005Metric,Thick-film,,1%,1/10W,Panasonic,ERJ-2RKF33R0X,RES 33 1% 1/10W 0402,STD,,Clock MUX
R257,1,100k,R_0402_1005Metric,Thick-film,,1%,1/10W,Panasonic,ERJ-2RKF1003X,RES 100k 1% 1/10W 0402,STD,,Rb Power
R258,1,10k,R_0402_1005Metric,Thick-film,,1%,1/10W,Panasonic,ERJ-2RKF1002X,RES 10k 1% 1/10W 0402,STD,,Rb Power
R259,1,10k,R_0402_1005Metric,Thick-film,,1%,1/10W,Panasonic,ERJ-2RKF1002X,RES 10k 1% 1/10W 0402,STD,,WDT
R260,1,470,R_0402_1005Metric,Thick-film,,1%,1/10W,Panasonic,ERJ-2RKF4700X,RES 470 1% 1/10W 0402,STD,,WDT
R261,1,10k,R_0402_1005Metric,Thick-film,,1%,1/10W,Panasonic,ERJ-2RKF1002X,RES 10k 1% 1/10W 0402,STD,,Rb Power
R262,1,10k,R_0402_1005Metric,Thick-film,,1%,1/10W,Panasonic,ERJ-2RKF1002X,RES 10k 1% 1/10W 0402,STD,,Rb Power
R263,1,10k,R_0402_1005Metric,Thick-film,,1%,1/10W,Panasonic,ERJ-2RKF1002X,RES 10k 1% 1/10W 0402,STD,POE_PG->PG7 divider lower leg (E-1 fix),STM32
R264,1,174k,R_0402_1005Metric,Thick-film,,1%,1/10W,Panasonic,ERJ-2RKF1743X,RES 174k 1% 1/10W 0402,STD,POE_PG->PG7 divider upper leg (E-1 fix); MPN corrected from stale 1.21k ERJ-2RKF1211X,STM32
R265,1,10k,R_0402_1005Metric,Thick-film,,1%,1/10W,Panasonic,ERJ-2RKF1002X,RES 10k 1% 1/10W 0402,STD,INA_ALERT_VCC_RB pull-up to 3V3_STM (D-7 fix),Rb Power
U1,1,TPD4EUSB30,10-USON,,,,,Texas Instruments,TPD4EUSB30DQAR,USB ESD array,KEEP,,Ethernet Input
U2,1,LMV393,,,,,,Texas Instruments,LMV393IDGKR,Dual comparator low-voltage,STD,,PoE
U3,1,BC846BPDW1T1G,SOT-363,,,,,onsemi,BC846BPDW1T1G,Dual NPN/PNP 65V 0.1A SC70-6,KEEP,,PoE
U4,1,BC846BPDW1T1G,SOT-363,,,,,onsemi,BC846BPDW1T1G,Dual NPN/PNP 65V 0.1A SC70-6,KEEP,,PoE
U5,1,BC846BPDW1T1G,SOT-363,,,,,onsemi,BC846BPDW1T1G,Dual NPN/PNP 65V 0.1A SC70-6,KEEP,,PoE
U6,1,BC846BPDW1T1G,SOT-363,,,,,onsemi,BC846BPDW1T1G,Dual NPN/PNP 65V 0.1A SC70-6,KEEP,,PoE
U7,1,FDMQ8205A,12-MLP,,,,,onsemi,FDMQ8205A,PoE bridge rectifier (GreenBridge),KEEP,,PoE
U8,1,FDMQ8205A,12-MLP,,,,,onsemi,FDMQ8205A,PoE bridge rectifier (GreenBridge),KEEP,,PoE
U9,1,NCP1095DBR2,16-TSSOP,,,,,onsemi,NCP1095DBR2,PoE-PD controller 16-TSSOP,KEEP,,PoE
U10,1,INA228AQDGSRQ1,VSSOP10_DGS_TEX,,,,,Texas Instruments,INA228AQDGSRQ1,Current/power monitor 20-bit I2C,KEEP,,PoE
U11,1,LAN8742AI-CZ-TR,LAN8742AI-CZ-TR:QFN50P400X400X100-25N,,,,,Microchip,LAN8742AI-CZ-TR,10/100 Ethernet PHY RMII QFN-24,KEEP,,Ethernet PHY
U12,1,STM32H563ZIT6,STM32H563ZIT6:QFP50P2200X2200X160-144N,,,,,STMicroelectronics,STM32H563ZIT6,MCU Cortex-M33 2MB LQFP144,KEEP,,STM32
U13,1,LT3045xDD,Package_DFN_QFN:DFN-10-1EP_3x3mm_P0.5mm_EP1.65x2.38mm,,,,,Analog Devices,LT3045EDD#TRPBF,LDO 500mA ultralow-noise DFN-10,KEEP,,STM32
U14,1,MCP1502T-33E/CHY,SOT-23-6,,,,,Microchip,MCP1502T-33E/CHY,Voltage ref 3.3V SOT-23-6,KEEP,,STM32
U15,1,TPD4E02B04DQAR,DQA0010A,,,,,Texas Instruments,TPD4E02B04DQAR,4-ch ESD array,KEEP,,Connectors
U16,1,TPD4E02B04DQAR,DQA0010A,,,,,Texas Instruments,TPD4E02B04DQAR,4-ch ESD array,KEEP,,Connectors
U17,1,TPD4E05U06DQAR,DQA0010A,,,,,Texas Instruments,TPD4E05U06DQAR,4-ch ESD array USB/IO,KEEP,,Connectors
U18,1,TPD4E05U06DQAR,DQA0010A,,,,,Texas Instruments,TPD4E05U06DQAR,4-ch ESD array USB/IO,KEEP,,Connectors
U19,1,TPD4E02B04DQAR,DQA0010A,,,,,Texas Instruments,TPD4E02B04DQAR,4-ch ESD array,KEEP,,Connectors
U20,1,TPD4E02B04DQAR,DQA0010A,,,,,Texas Instruments,TPD4E02B04DQAR,4-ch ESD array,KEEP,,Connectors
U21,1,ZED-F9T-00B,ZED-F9T-00B:MODULE_ZED-F9T-00B,,,,,u-blox,ZED-F9T-00B,GNSS timing receiver module,KEEP,,GPS
U22,1,LT3045xDD,Package_DFN_QFN:DFN-10-1EP_3x3mm_P0.5mm_EP1.65x2.38mm,,,,,Analog Devices,LT3045EDD#TRPBF,LDO 500mA ultralow-noise DFN-10,KEEP,,GPS
U23,1,INA228AQDGSRQ1,VSSOP10_DGS_TEX,,,,,Texas Instruments,INA228AQDGSRQ1,Current/power monitor 20-bit I2C,KEEP,,GPS
U24,1,INA181A1IDBVR,DBV0006A_N,,,,,Texas Instruments,INA181A1IDBVR,Current-sense amp gain-20 SOT-23-6,KEEP,,GPS Antenna
U25,1,LMV393,,,,,,Texas Instruments,LMV393IDGKR,Dual comparator low-voltage,STD,,GPS Antenna
U26,1,INA228AQDGSRQ1,VSSOP10_DGS_TEX,,,,,Texas Instruments,INA228AQDGSRQ1,Current/power monitor 20-bit I2C,KEEP,,GPS Antenna
U27,1,RT9742VGJ5,TSOT-23-5,,,,,Richtek,RT9742VGJ5,Load switch w/ current-limit TSOT-23-5,KEEP,,GPS Antenna
U28,1,MIC28516T-E/PHA,32-PowerVQFN,,,,,Microchip,MIC28516T-E/PHA,Buck regulator 8A 32-VQFN,KEEP,,5V/3.3V Main Power Supply
U29,1,AP3441SHE-7B,8-UFDFN (Exposed Pad),,,,,Diodes Inc,AP3441SHE-7B,Buck regulator 3A UDFN,KEEP,,5V/3.3V Main Power Supply
U30,1,INA228AQDGSRQ1,VSSOP10_DGS_TEX,,,,,Texas Instruments,INA228AQDGSRQ1,Current/power monitor 20-bit I2C,KEEP,,5V/3.3V Main Power Supply
U31,1,INA228AQDGSRQ1,VSSOP10_DGS_TEX,,,,,Texas Instruments,INA228AQDGSRQ1,Current/power monitor 20-bit I2C,KEEP,,5V/3.3V Main Power Supply
U32,1,INA228AQDGSRQ1,VSSOP10_DGS_TEX,,,,,Texas Instruments,INA228AQDGSRQ1,Current/power monitor 20-bit I2C,KEEP,,5V/3.3V Main Power Supply
U33,1,RT9742VGJ5,TSOT-23-5,,,,,Richtek,RT9742VGJ5,Load switch w/ current-limit TSOT-23-5,KEEP,,5V/3.3V Main Power Supply
U34,1,TPS61094DSSR,TPS61094DSSR:SON50P300X200X80-13N,,,,,Texas Instruments,TPS61094DSSR,Bidir buck-boost supercap backup SON-13,KEEP,,Battery Backup Supplies
U35,1,TPS61094DSSR,TPS61094DSSR:SON50P300X200X80-13N,,,,,Texas Instruments,TPS61094DSSR,Bidir buck-boost supercap backup SON-13,KEEP,,Battery Backup Supplies
U36,1,OPA320AIDBVT,OPA320AIDBVT:SOT95P280X145-5N,,,,,Texas Instruments,OPA320AIDBVT,Precision op-amp RRIO SOT-23-5,KEEP,,OCXO
U37,1,INA228AQDGSRQ1,VSSOP10_DGS_TEX,,,,,Texas Instruments,INA228AQDGSRQ1,Current/power monitor 20-bit I2C,KEEP,,OCXO
U38,1,AP3441SHE-7B,8-UFDFN (Exposed Pad),,,,,Diodes Inc,AP3441SHE-7B,Buck regulator 3A UDFN,KEEP,,OCXO
U39,1,TPS7A5201QRGRRQ1,RGR20_2P05X2P05_TEX,,,,,Texas Instruments,TPS7A5201QRGRRQ1,LDO 2A low-noise VQFN-20,KEEP,,OCXO
U40,1,MIC28516T-E/PHA,32-PowerVQFN,,,,,Microchip,MIC28516T-E/PHA,Buck regulator 8A 32-VQFN,KEEP,,Rb Power
U41,1,LMV393,,,,,,Texas Instruments,LMV393IDGKR,Dual comparator low-voltage,STD,,Rb Power
U42,1,OPA320AIDBVT,OPA320AIDBVT:SOT95P280X145-5N,,,,,Texas Instruments,OPA320AIDBVT,Precision op-amp RRIO SOT-23-5,KEEP,,Rb Power
U43,1,MCP41U83T-503E/ST,Package_SO:TSSOP-14_4.4x5mm_P0.65mm,,,,,Microchip,MCP41U83T-503E/ST,Digital pot 50k I2C/SPI MTP TSSOP-14,KEEP,,Rb Power
U44,1,INA228AQDGSRQ1,VSSOP10_DGS_TEX,,,,,Texas Instruments,INA228AQDGSRQ1,Current/power monitor 20-bit I2C,KEEP,,Rb Power
U45,1,MCP1502T-30E/CHY,SOT-23-6,,,,,Microchip,MCP1502T-30E/CHY,Voltage ref 3.0V SOT-23-6,KEEP,,Rb Power
U46,1,SN65C3221EPWR,SN65C3221EPWR:SOP65P640X120-16N,,,,,Texas Instruments,SN65C3221EPWR,RS-232 transceiver TSSOP-16,KEEP,,Rb IO
U47,1,PESD15VL2BT,TO-236AB,,,,,Nexperia,"PESD15VL2BT,215",ESD/TVS 15Vwm SOT-23,KEEP,,Rb IO
U48,1,APC-817C1,4-SMD,,,,,American Bright,APC-817C1-SL,Optoisolator 5kV transistor 4-SMD,KEEP,,Rb IO
U49,1,TMUX1101DCK,Package_TO_SOT_SMD:SOT-353_SC-70-5,,,,,Texas Instruments,TMUX1101DCK,SPST analog switch SC-70-5,KEEP,,Refrence Clock Input
U50,1,LTC6752xS5,Package_TO_SOT_SMD:TSOT-23-5,,,,,Analog Devices,LTC6752IS5#TRMPBF,280MHz comparator TSOT-23-5; confirm speed grade (x),SELECT,,Refrence Clock Input
U51,1,LT3045xDD,Package_DFN_QFN:DFN-10-1EP_3x3mm_P0.5mm_EP1.65x2.38mm,,,,,Analog Devices,LT3045EDD#TRPBF,LDO 500mA ultralow-noise DFN-10,KEEP,,Refrence Clock Input
U52,1,74LVC1G157GW-Q100H,SC-74_TSOP6_SOT457_NEX,,,,,Nexperia,74LVC1G157GW-Q100H,2:1 mux single AEC-Q100 SOT-457,KEEP,,Clock MUX
U53,1,74LVC1G34,,,,,,Nexperia,"74LVC1G34GW,125",Single buffer gate SOT-353,STD,,Clock MUX
U54,1,INA228AQDGSRQ1,VSSOP10_DGS_TEX,,,,,Texas Instruments,INA228AQDGSRQ1,Current/power monitor 20-bit I2C,KEEP,,LED
U55,1,RT9742VGJ5,TSOT-23-5,,,,,Richtek,RT9742VGJ5,Load switch w/ current-limit TSOT-23-5,KEEP,,LED
U56,1,LTC4311ISC6-TRPBF,SOT-6_SC_LIT,,,,,Analog Devices,LTC4311ISC6#TRPBF,I2C rise-time accelerator SC-70-6,KEEP,,I2C Buffer
U57,1,TMP117xxDRV,Package_SON:WSON-6-1EP_2x2mm_P0.65mm_EP1x1.6mm,,,,,Texas Instruments,TMP117AIDRVR,Digital temp sensor +/-0.3C WSON-6,KEEP,,I2C Peripherals
U58,1,TMP117xxDRV,Package_SON:WSON-6-1EP_2x2mm_P0.65mm_EP1x1.6mm,,,,,Texas Instruments,TMP117AIDRVR,Digital temp sensor +/-0.3C WSON-6,KEEP,,I2C Peripherals
U59,1,LIS2DH12TR,LGA-12_STM,,,,,STMicroelectronics,LIS2DH12TR,3-axis accelerometer LGA-12,KEEP,,I2C Peripherals
U60,1,ATECC608B-SSHDA,Package_SO:SOIC-8_3.9x4.9mm_P1.27mm,,,,,Microchip,ATECC608B-SSHDA,Secure crypto element SOIC-8,KEEP,,I2C Peripherals
U61,1,IIS2MDCTR,LGA-12_2X2X0P7_STM,,,,,STMicroelectronics,IIS2MDCTR,3-axis magnetometer LGA-12,KEEP,,I2C Peripherals
U62,1,MX25L25645GM2I-08G,,,,,,Macronix,MX25L25645GM2I-08G,"256Mb SPI-NOR flash (TW-origin, policy OK)",KEEP,,SPI Peripherals
U63,1,PCA9306DCTT,DCT8,,,,,Texas Instruments,PCA9306DCTT,I2C/SMBus level translator SC-70-8,KEEP,,SPI Peripherals
U64,1,TPS3430WDRC,Package_SON:VSON-10-1EP_3x3mm_P0.5mm_EP1.65x2.4mm,,,,,Texas Instruments,TPS3430WDRC,Window watchdog timer VSON-10,KEEP,,WDT
U65,1,TPD4E05U06DQAR,DQA0010A,,,,,Texas Instruments,TPD4E05U06DQAR,4-ch ESD array USB/IO,KEEP,,Connectors
U66,1,TPD4E05U06DQAR,DQA0010A,,,,,Texas Instruments,TPD4E05U06DQAR,4-ch ESD array USB/IO,KEEP,,Connectors
U67,1,LMV393,,,,,,Texas Instruments,LMV393IDGKR,Dual comparator low-voltage,STD,,Battery Backup Supplies
U68,1,74LVC2G17,,,,,,Nexperia,"74LVC2G17GW,125",Dual Schmitt buffer SOT-363,STD,,Optical Encoder
U69,1,TPD4E05U06DQAR,DQA0010A,,,,,Texas Instruments,TPD4E05U06DQAR,4-ch ESD array USB/IO,KEEP,,Connectors
U70,1,TPD4E05U06DQAR,DQA0010A,,,,,Texas Instruments,TPD4E05U06DQAR,4-ch ESD array USB/IO,KEEP,,Connectors
U71,1,74LVC1G34,,,,,,Nexperia,"74LVC1G34GW,125",Single buffer gate SOT-353,STD,,Clock MUX
U72,1,SHT45-AD1B-R2,Sensor_Humidity:Sensirion_DFN-4_1.5x1.5mm_P0.8mm_SHT4x_NoCentralPad,,,,,Sensirion,SHT45-AD1B-R2,Humidity/temp sensor DFN-4,KEEP,,I2C Peripherals
Y1,1,25MHz,,,,,,CTS,445I23E25M00000,Crystal 25MHz 20pF SMD,KEEP,,Ethernet PHY
Y2,1,32.768kHz,,,,,,Abracon,ABS07-32.768KHZ-T,Crystal 32.768kHz 12.5pF,KEEP,,STM32
Y3,1,OH300,Oscillator:Oscillator_SMD_OCXO_ConnorWinfield_OH300,,,,,Connor-Winfield,OH300-61003CV-010.0M,VC-OCXO 10MHz CMOS,KEEP,,OCXO
