Reference,Qty,Value,Spec,Footprint,Mfr,MPN,Digikey,Description,Datasheet,Sheet,Status
C1,1,4.7nF,4.7nF 16V X7R 0402,C_0402_1005Metric,Murata,GRM155R71C472KA01D,490-6334-2-ND,CAP CER 4.7nF 16V X7R 0402,https://www.murata.com/,Ethernet Input,STD
C2,1,0.022uF,0.022uF 50V X7R 0402,C_0402_1005Metric,,,,CAP CER 0.022uF 50V X7R 0402,https://search.murata.co.jp/Ceramy/image/img/A01X/G101/ENG/GRM31CR72E104KW03-01.pdf,Ethernet Input,SELECT
C3,1,1nF,1nF 50V C0G 0402,C_0402_1005Metric,Murata,GRM1555C1H102FA01J,490-GRM1555C1H102FA01JTR-ND,CAP CER 1nF 50V C0G 0402,https://www.murata.com/,PoE,STD
C4,1,0.1uF,0.1uF 16V X7R 0402,C_0402_1005Metric,Murata,GRM155R71C104KA88J,490-6328-2-ND,CAP CER 0.1uF 16V X7R 0402,https://www.murata.com/,PoE,STD
C5,1,0.1uF,0.1uF 16V X7R 0402,C_0402_1005Metric,Murata,GRM155R71C104KA88J,490-6328-2-ND,CAP CER 0.1uF 16V X7R 0402,https://www.murata.com/,PoE,STD
C6,1,1nF,1nF 100V? C0G 0402,C_0402_1005Metric,,,,CAP CER 1nF 100V? C0G 0402,https://search.murata.co.jp/Ceramy/image/img/A01X/G101/ENG/GRM1555C1H102FA01-01A.pdf,PoE,REVIEW-HV
C7,1,1uF,1uF 100V? X7R 0603,C_0603_1608Metric,,,,CAP CER 1uF 100V? X7R 0603,https://search.murata.co.jp/Ceramy/image/img/A01X/G101/ENG/GRM1555C1H102FA01-01A.pdf,PoE,REVIEW-HV
C8,1,0.1uF,0.1uF 100V X7R 0402,C_0402_1005Metric,,,,CAP CER 0.1uF 100V X7R 0402,https://search.murata.co.jp/Ceramy/image/img/A01X/G101/ENG/GRM31CR72E104KW03-01.pdf,PoE,SELECT
C9,1,1uF,1uF 100V? X7R 0603,C_0603_1608Metric,,,,CAP CER 1uF 100V? X7R 0603,https://search.murata.co.jp/Ceramy/image/img/A01X/G101/ENG/GRM1555C1H102FA01-01A.pdf,PoE,REVIEW-HV
C10,1,10uF,10uF 100V X7R 0805,C_0805_2012Metric,,,,CAP CER 10uF 100V X7R 0805,https://search.murata.co.jp/Ceramy/image/img/A01X/G101/ENG/GRM31CR72E104KW03-01.pdf,PoE,SELECT
C11,1,47pF,47pF 100V? C0G 0402,C_0402_1005Metric,,,,CAP CER 47pF 100V? C0G 0402,https://search.murata.co.jp/Ceramy/image/img/A01X/G101/ENG/GRM1555C1H102FA01-01A.pdf,PoE,REVIEW-HV
C12,1,0.1uF,0.1uF 16V X7R 0402,C_0402_1005Metric,Murata,GRM155R71C104KA88J,490-6328-2-ND,CAP CER 0.1uF 16V X7R 0402,https://www.murata.com/,PoE,STD
C13,1,4.7uF,4.7uF 16V X7R 0805,C_0805_2012Metric,Murata,GRM21BR71C475KE51K,490-GRM21BR71C475KE51KTR-ND,CAP CER 4.7uF 16V X7R 0805,https://www.murata.com/,Ethernet PHY,STD
C14,1,27pF,27pF 16V C0G 0402,C_0402_1005Metric,,,,CAP CER 27pF 16V C0G 0402,,Ethernet PHY,SELECT
C15,1,0.1uF,0.1uF 16V X7R 0402,C_0402_1005Metric,Murata,GRM155R71C104KA88J,490-6328-2-ND,CAP CER 0.1uF 16V X7R 0402,https://www.murata.com/,Ethernet PHY,STD
C16,1,27pF,27pF 16V C0G 0402,C_0402_1005Metric,,,,CAP CER 27pF 16V C0G 0402,,Ethernet PHY,SELECT
C17,1,470pF,470pF 16V C0G 0402,C_0402_1005Metric,,,,CAP CER 470pF 16V C0G 0402,,Ethernet PHY,SELECT
C18,1,1uF,1uF 16V X7R 0603,C_0603_1608Metric,,,,CAP CER 1uF 16V X7R 0603,,Ethernet PHY,SELECT
C19,1,0.1uF,0.1uF 16V X7R 0402,C_0402_1005Metric,Murata,GRM155R71C104KA88J,490-6328-2-ND,CAP CER 0.1uF 16V X7R 0402,https://www.murata.com/,Ethernet PHY,STD
C20,1,0.1uF,0.1uF 16V X7R 0402,C_0402_1005Metric,Murata,GRM155R71C104KA88J,490-6328-2-ND,CAP CER 0.1uF 16V X7R 0402,https://www.murata.com/,Ethernet PHY,STD
C21,1,0.1uF,0.1uF 16V X7R 0402,C_0402_1005Metric,Murata,GRM155R71C104KA88J,490-6328-2-ND,CAP CER 0.1uF 16V X7R 0402,https://www.murata.com/,STM32,STD
C22,1,0.1uF,0.1uF 16V X7R 0402,C_0402_1005Metric,Murata,GRM155R71C104KA88J,490-6328-2-ND,CAP CER 0.1uF 16V X7R 0402,https://www.murata.com/,STM32,STD
C23,1,0.1uF,0.1uF 16V X7R 0402,C_0402_1005Metric,Murata,GRM155R71C104KA88J,490-6328-2-ND,CAP CER 0.1uF 16V X7R 0402,https://www.murata.com/,STM32,STD
C24,1,0.1uF,0.1uF 16V X7R 0402,C_0402_1005Metric,Murata,GRM155R71C104KA88J,490-6328-2-ND,CAP CER 0.1uF 16V X7R 0402,https://www.murata.com/,STM32,STD
C25,1,0.1uF,0.1uF 16V X7R 0402,C_0402_1005Metric,Murata,GRM155R71C104KA88J,490-6328-2-ND,CAP CER 0.1uF 16V X7R 0402,https://www.murata.com/,STM32,STD
C26,1,0.1uF,0.1uF 16V X7R 0402,C_0402_1005Metric,Murata,GRM155R71C104KA88J,490-6328-2-ND,CAP CER 0.1uF 16V X7R 0402,https://www.murata.com/,STM32,STD
C27,1,4.7uF,4.7uF 16V X7R 0805,C_0805_2012Metric,Murata,GRM21BR71C475KE51K,490-GRM21BR71C475KE51KTR-ND,CAP CER 4.7uF 16V X7R 0805,https://www.murata.com/,STM32,STD
C28,1,1uF,1uF 16V X7R 0603,C_0603_1608Metric,,,,CAP CER 1uF 16V X7R 0603,,STM32,SELECT
C29,1,12pF,12pF 16V C0G 0402,C_0402_1005Metric,,,,CAP CER 12pF 16V C0G 0402,,STM32,SELECT
C30,1,4.7uF,4.7uF 16V X7R 0805,C_0805_2012Metric,Murata,GRM21BR71C475KE51K,490-GRM21BR71C475KE51KTR-ND,CAP CER 4.7uF 16V X7R 0805,https://www.murata.com/,STM32,STD
C31,1,12pF,12pF 16V C0G 0402,C_0402_1005Metric,,,,CAP CER 12pF 16V C0G 0402,,STM32,SELECT
C32,1,10uF,10uF 16V X7R 0805,C_0805_2012Metric,Murata,GRM21BZ71C106KE15L,490-GRM21BZ71C106KE15LTR-ND,CAP CER 10uF 16V X7R 0805,https://www.murata.com/,STM32,STD
C33,1,4.7uF,4.7uF 16V X7R 0805,C_0805_2012Metric,Murata,GRM21BR71C475KE51K,490-GRM21BR71C475KE51KTR-ND,CAP CER 4.7uF 16V X7R 0805,https://www.murata.com/,STM32,STD
C34,1,2.2uF,2.2uF 16V X7R 0603,C_0603_1608Metric,Murata,GRM188Z71C225KE43D,490-GRM188Z71C225KE43DTR-ND,CAP CER 2.2uF 16V X7R 0603,https://www.murata.com/,STM32,STD
C35,1,0.1uF,0.1uF 16V X7R 0402,C_0402_1005Metric,Murata,GRM155R71C104KA88J,490-6328-2-ND,CAP CER 0.1uF 16V X7R 0402,https://www.murata.com/,STM32,STD
C36,1,2.2uF,2.2uF 16V X7R 0603,C_0603_1608Metric,Murata,GRM188Z71C225KE43D,490-GRM188Z71C225KE43DTR-ND,CAP CER 2.2uF 16V X7R 0603,https://www.murata.com/,STM32,STD
C37,1,1nF,1nF 50V C0G 0402,C_0402_1005Metric,Murata,GRM1555C1H102FA01J,490-GRM1555C1H102FA01JTR-ND,CAP CER 1nF 50V C0G 0402,https://www.murata.com/,STM32,STD
C38,1,2.2uF,2.2uF 16V X7R 0603,C_0603_1608Metric,Murata,GRM188Z71C225KE43D,490-GRM188Z71C225KE43DTR-ND,CAP CER 2.2uF 16V X7R 0603,https://www.murata.com/,STM32,STD
C39,1,2.2uF,2.2uF 16V X7R 0603,C_0603_1608Metric,Murata,GRM188Z71C225KE43D,490-GRM188Z71C225KE43DTR-ND,CAP CER 2.2uF 16V X7R 0603,https://www.murata.com/,STM32,STD
C40,1,1uF,1uF 16V X7R 0603,C_0603_1608Metric,,,,CAP CER 1uF 16V X7R 0603,,Connectors,SELECT
C41,1,0.1uF,0.1uF 16V X7R 0402,C_0402_1005Metric,Murata,GRM155R71C104KA88J,490-6328-2-ND,CAP CER 0.1uF 16V X7R 0402,https://www.murata.com/,Connectors,STD
C42,1,4.7nF,4.7nF 16V X7R 0402,C_0402_1005Metric,Murata,GRM155R71C472KA01D,490-6334-2-ND,CAP CER 4.7nF 16V X7R 0402,https://www.murata.com/,Connectors,STD
C43,1,0.1uF,0.1uF 16V X7R 0402,C_0402_1005Metric,Murata,GRM155R71C104KA88J,490-6328-2-ND,CAP CER 0.1uF 16V X7R 0402,https://www.murata.com/,Connectors,STD
C44,1,1nF,1nF 50V C0G 0402,C_0402_1005Metric,Murata,GRM1555C1H102FA01J,490-GRM1555C1H102FA01JTR-ND,CAP CER 1nF 50V C0G 0402,https://www.murata.com/,Connectors,STD
C45,1,1uF,1uF 16V X7R 0603,C_0603_1608Metric,,,,CAP CER 1uF 16V X7R 0603,,GPS,SELECT
C46,1,4.7uF,4.7uF 16V X7R 0805,C_0805_2012Metric,Murata,GRM21BR71C475KE51K,490-GRM21BR71C475KE51KTR-ND,CAP CER 4.7uF 16V X7R 0805,https://www.murata.com/,GPS,STD
C47,1,1uF,1uF 16V X7R 0603,C_0603_1608Metric,,,,CAP CER 1uF 16V X7R 0603,,GPS,SELECT
C48,1,0.1uF,0.1uF 16V X7R 0402,C_0402_1005Metric,Murata,GRM155R71C104KA88J,490-6328-2-ND,CAP CER 0.1uF 16V X7R 0402,https://www.murata.com/,GPS,STD
C49,1,0.47uF,0.47uF 16V X7R 0603,C_0603_1608Metric,,,,CAP CER 0.47uF 16V X7R 0603,,GPS,SELECT
C50,1,10uF,10uF 16V X7R 0805,C_0805_2012Metric,Murata,GRM21BZ71C106KE15L,490-GRM21BZ71C106KE15LTR-ND,CAP CER 10uF 16V X7R 0805,https://www.murata.com/,GPS,STD
C51,1,0.1uF,0.1uF 16V X7R 0402,C_0402_1005Metric,Murata,GRM155R71C104KA88J,490-6328-2-ND,CAP CER 0.1uF 16V X7R 0402,https://www.murata.com/,GPS,STD
C52,1,1uF,1uF 16V X7R 0603,C_0603_1608Metric,,,,CAP CER 1uF 16V X7R 0603,,GPS Antenna,SELECT
C53,1,0.1uF,0.1uF 16V X7R 0402,C_0402_1005Metric,Murata,GRM155R71C104KA88J,490-6328-2-ND,CAP CER 0.1uF 16V X7R 0402,https://www.murata.com/,GPS Antenna,STD
C54,1,0.1uF,0.1uF 16V X7R 0402,C_0402_1005Metric,Murata,GRM155R71C104KA88J,490-6328-2-ND,CAP CER 0.1uF 16V X7R 0402,https://www.murata.com/,GPS Antenna,STD
C55,1,0.1uF,0.1uF 16V X7R 0402,C_0402_1005Metric,Murata,GRM155R71C104KA88J,490-6328-2-ND,CAP CER 0.1uF 16V X7R 0402,https://www.murata.com/,GPS Antenna,STD
C56,1,0.1uF,0.1uF 16V X7R 0402,C_0402_1005Metric,Murata,GRM155R71C104KA88J,490-6328-2-ND,CAP CER 0.1uF 16V X7R 0402,https://www.murata.com/,GPS Antenna,STD
C57,1,1uF,1uF 16V X7R 0603,C_0603_1608Metric,,,,CAP CER 1uF 16V X7R 0603,,GPS Antenna,SELECT
C58,1,0.1uF,0.1uF 16V X7R 0402,C_0402_1005Metric,Murata,GRM155R71C104KA88J,490-6328-2-ND,CAP CER 0.1uF 16V X7R 0402,https://www.murata.com/,GPS Antenna,STD
C59,1,10uF,10uF 16V X7R 0805,C_0805_2012Metric,Murata,GRM21BZ71C106KE15L,490-GRM21BZ71C106KE15LTR-ND,CAP CER 10uF 16V X7R 0805,https://www.murata.com/,GPS Antenna,STD
C60,1,0.1uF,0.1uF 16V X7R 0402,C_0402_1005Metric,Murata,GRM155R71C104KA88J,490-6328-2-ND,CAP CER 0.1uF 16V X7R 0402,https://www.murata.com/,GPS Antenna,STD
C61,1,0.1uF,0.1uF 16V X7R 0402,C_0402_1005Metric,Murata,GRM155R71C104KA88J,490-6328-2-ND,CAP CER 0.1uF 16V X7R 0402,https://www.murata.com/,GPS Antenna,STD
C62,1,1nF,1nF 50V C0G 0402,C_0402_1005Metric,Murata,GRM1555C1H102FA01J,490-GRM1555C1H102FA01JTR-ND,CAP CER 1nF 50V C0G 0402,https://www.murata.com/,GPS Antenna,STD
C63,1,10nF,10nF 16V X7R 0402,C_0402_1005Metric,Murata,GRM155R71C103KA01D,490-1313-2-ND,CAP CER 10nF 16V X7R 0402,https://www.murata.com/,5V/3.3V Main Power Supply,STD
C64,1,10uF,10uF 16V X7R 0805,C_0805_2012Metric,Murata,GRM21BZ71C106KE15L,490-GRM21BZ71C106KE15LTR-ND,CAP CER 10uF 16V X7R 0805,https://www.murata.com/,5V/3.3V Main Power Supply,STD
C65,1,10uF,10uF 16V X7R 0805,C_0805_2012Metric,Murata,GRM21BZ71C106KE15L,490-GRM21BZ71C106KE15LTR-ND,CAP CER 10uF 16V X7R 0805,https://www.murata.com/,5V/3.3V Main Power Supply,STD
C66,1,10uF,10uF 16V X7R 0805,C_0805_2012Metric,Murata,GRM21BZ71C106KE15L,490-GRM21BZ71C106KE15LTR-ND,CAP CER 10uF 16V X7R 0805,https://www.murata.com/,5V/3.3V Main Power Supply,STD
C67,1,0.1uF,0.1uF 16V X7R 0402,C_0402_1005Metric,Murata,GRM155R71C104KA88J,490-6328-2-ND,CAP CER 0.1uF 16V X7R 0402,https://www.murata.com/,5V/3.3V Main Power Supply,STD
C68,1,0.1uF,0.1uF 16V X7R 0402,C_0402_1005Metric,Murata,GRM155R71C104KA88J,490-6328-2-ND,CAP CER 0.1uF 16V X7R 0402,https://www.murata.com/,5V/3.3V Main Power Supply,STD
C69,1,4.7nF,4.7nF 16V X7R 0402,C_0402_1005Metric,Murata,GRM155R71C472KA01D,490-6334-2-ND,CAP CER 4.7nF 16V X7R 0402,https://www.murata.com/,5V/3.3V Main Power Supply,STD
C70,1,4.7nF,4.7nF 16V X7R 0402,C_0402_1005Metric,Murata,GRM155R71C472KA01D,490-6334-2-ND,CAP CER 4.7nF 16V X7R 0402,https://www.murata.com/,5V/3.3V Main Power Supply,STD
C71,1,47uF,47uF 16V X6S 1210,C_1210_3225Metric,Murata,GRM32EC81C476KE15K,490-16309-2-ND,CAP CER 47uF 16V X6S 1210,https://www.murata.com/,5V/3.3V Main Power Supply,STD
C72,1,47uF,47uF 16V X6S 1210,C_1210_3225Metric,Murata,GRM32EC81C476KE15K,490-16309-2-ND,CAP CER 47uF 16V X6S 1210,https://www.murata.com/,5V/3.3V Main Power Supply,STD
C73,1,10uF,10uF 16V X7R 0805,C_0805_2012Metric,Murata,GRM21BZ71C106KE15L,490-GRM21BZ71C106KE15LTR-ND,CAP CER 10uF 16V X7R 0805,https://www.murata.com/,5V/3.3V Main Power Supply,STD
C74,1,10uF,10uF 16V X7R 0805,C_0805_2012Metric,Murata,GRM21BZ71C106KE15L,490-GRM21BZ71C106KE15LTR-ND,CAP CER 10uF 16V X7R 0805,https://www.murata.com/,5V/3.3V Main Power Supply,STD
C75,1,2.2uF,2.2uF 100V X7T 0805,C_0805_2012Metric,Murata,GRM21BD72A225ME01K,490-GRM21BD72A225ME01KTR-ND,CAP CER 2.2uF 100V X7T 0805,https://www.murata.com/,5V/3.3V Main Power Supply,STD
C76,1,10uF,10uF 16V X7R 0805,C_0805_2012Metric,Murata,GRM21BZ71C106KE15L,490-GRM21BZ71C106KE15LTR-ND,CAP CER 10uF 16V X7R 0805,https://www.murata.com/,5V/3.3V Main Power Supply,STD
C77,1,2.2uF,2.2uF 100V X7T 0805,C_0805_2012Metric,Murata,GRM21BD72A225ME01K,490-GRM21BD72A225ME01KTR-ND,CAP CER 2.2uF 100V X7T 0805,https://www.murata.com/,5V/3.3V Main Power Supply,STD
C78,1,10uF,10uF 16V X7R 0805,C_0805_2012Metric,Murata,GRM21BZ71C106KE15L,490-GRM21BZ71C106KE15LTR-ND,CAP CER 10uF 16V X7R 0805,https://www.murata.com/,5V/3.3V Main Power Supply,STD
C79,1,1uF,1uF 100V X7T 0603,C_0603_1608Metric,Murata,GRM188D72A105KE01W,490-GRM188D72A105KE01WTR-ND,CAP CER 1uF 100V X7T 0603,https://www.murata.com/,5V/3.3V Main Power Supply,STD
C80,1,2.2uF,2.2uF 100V X7T 0805,C_0805_2012Metric,Murata,GRM21BD72A225ME01K,490-GRM21BD72A225ME01KTR-ND,CAP CER 2.2uF 100V X7T 0805,https://www.murata.com/,5V/3.3V Main Power Supply,STD
C81,1,4.7uF,4.7uF 16V X7R 0805,C_0805_2012Metric,Murata,GRM21BR71C475KE51K,490-GRM21BR71C475KE51KTR-ND,CAP CER 4.7uF 16V X7R 0805,https://www.murata.com/,5V/3.3V Main Power Supply,STD
C82,1,2.2uF,2.2uF 16V X7R 0603,C_0603_1608Metric,Murata,GRM188Z71C225KE43D,490-GRM188Z71C225KE43DTR-ND,CAP CER 2.2uF 16V X7R 0603,https://www.murata.com/,5V/3.3V Main Power Supply,STD
C83,1,0.1uF,0.1uF 16V X7R 0402,C_0402_1005Metric,Murata,GRM155R71C104KA88J,490-6328-2-ND,CAP CER 0.1uF 16V X7R 0402,https://www.murata.com/,5V/3.3V Main Power Supply,STD
C84,1,1uF,1uF 16V X7R 0603,C_0603_1608Metric,,,,CAP CER 1uF 16V X7R 0603,,5V/3.3V Main Power Supply,SELECT
C85,1,1uF,1uF 16V X7R 0603,C_0603_1608Metric,,,,CAP CER 1uF 16V X7R 0603,,5V/3.3V Main Power Supply,SELECT
C86,1,0.1uF,0.1uF 16V X7R 0402,C_0402_1005Metric,Murata,GRM155R71C104KA88J,490-6328-2-ND,CAP CER 0.1uF 16V X7R 0402,https://www.murata.com/,5V/3.3V Main Power Supply,STD
C87,1,0.1uF,0.1uF 16V X7R 0402,C_0402_1005Metric,Murata,GRM155R71C104KA88J,490-6328-2-ND,CAP CER 0.1uF 16V X7R 0402,https://www.murata.com/,5V/3.3V Main Power Supply,STD
C88,1,10uF,10uF 16V X7R 0805,C_0805_2012Metric,Murata,GRM21BZ71C106KE15L,490-GRM21BZ71C106KE15LTR-ND,CAP CER 10uF 16V X7R 0805,https://www.murata.com/,Battery Backup Supplies,STD
C89,1,10uF,10uF 16V X7R 0805,C_0805_2012Metric,Murata,GRM21BZ71C106KE15L,490-GRM21BZ71C106KE15LTR-ND,CAP CER 10uF 16V X7R 0805,https://www.murata.com/,Battery Backup Supplies,STD
C90,1,3F,3F,Radial,Cornell Dubilier Knowles,DSF305Q3R0,338-DSF305Q3R0-ND,"CAPACITOR 3F -10%, +30% 3V TH",https://www.cde.com/resources/catalogs/DSF.pdf,Battery Backup Supplies,KEEP
C91,1,3F,3F,Radial,Cornell Dubilier Knowles,DSF305Q3R0,338-DSF305Q3R0-ND,"CAPACITOR 3F -10%, +30% 3V TH",https://www.cde.com/resources/catalogs/DSF.pdf,Battery Backup Supplies,KEEP
C92,1,22uF,22uF 16V X7R 0805,C_0805_2012Metric,,,,CAP CER 22uF 16V X7R 0805,,Battery Backup Supplies,SELECT
C93,1,22uF,22uF 16V X7R 0805,C_0805_2012Metric,,,,CAP CER 22uF 16V X7R 0805,,Battery Backup Supplies,SELECT
C94,1,22uF,22uF 16V X7R 0805,C_0805_2012Metric,,,,CAP CER 22uF 16V X7R 0805,,Battery Backup Supplies,SELECT
C95,1,22uF,22uF 16V X7R 0805,C_0805_2012Metric,,,,CAP CER 22uF 16V X7R 0805,,Battery Backup Supplies,SELECT
C96,1,22uF,22uF 16V X7R 0805,C_0805_2012Metric,,,,CAP CER 22uF 16V X7R 0805,,Battery Backup Supplies,SELECT
C97,1,22uF,22uF 16V X7R 0805,C_0805_2012Metric,,,,CAP CER 22uF 16V X7R 0805,,Battery Backup Supplies,SELECT
C98,1,0.1uF,0.1uF 16V X7R 0402,C_0402_1005Metric,Murata,GRM155R71C104KA88J,490-6328-2-ND,CAP CER 0.1uF 16V X7R 0402,https://www.murata.com/,OCXO,STD
C99,1,0.1uF,0.1uF 16V X7R 0402,C_0402_1005Metric,Murata,GRM155R71C104KA88J,490-6328-2-ND,CAP CER 0.1uF 16V X7R 0402,https://www.murata.com/,OCXO,STD
C100,1,0.1uF,0.1uF 16V X7R 0402,C_0402_1005Metric,Murata,GRM155R71C104KA88J,490-6328-2-ND,CAP CER 0.1uF 16V X7R 0402,https://www.murata.com/,OCXO,STD
C101,1,0.1uF,0.1uF 16V X7R 0402,C_0402_1005Metric,Murata,GRM155R71C104KA88J,490-6328-2-ND,CAP CER 0.1uF 16V X7R 0402,https://www.murata.com/,OCXO,STD
C102,1,10uF,10uF 16V X7R 0805,C_0805_2012Metric,Murata,GRM21BZ71C106KE15L,490-GRM21BZ71C106KE15LTR-ND,CAP CER 10uF 16V X7R 0805,https://www.murata.com/,OCXO,STD
C103,1,10uF,10uF 16V X7R 0805,C_0805_2012Metric,Murata,GRM21BZ71C106KE15L,490-GRM21BZ71C106KE15LTR-ND,CAP CER 10uF 16V X7R 0805,https://www.murata.com/,OCXO,STD
C104,1,10uF,10uF 16V X7R 0805,C_0805_2012Metric,Murata,GRM21BZ71C106KE15L,490-GRM21BZ71C106KE15LTR-ND,CAP CER 10uF 16V X7R 0805,https://www.murata.com/,OCXO,STD
C105,1,10uF,10uF 16V X7R 0805,C_0805_2012Metric,Murata,GRM21BZ71C106KE15L,490-GRM21BZ71C106KE15LTR-ND,CAP CER 10uF 16V X7R 0805,https://www.murata.com/,OCXO,STD
C106,1,10nF,10nF 16V X7R 0402,C_0402_1005Metric,Murata,GRM155R71C103KA01D,490-1313-2-ND,CAP CER 10nF 16V X7R 0402,https://www.murata.com/,OCXO,STD
C107,1,0.1uF,0.1uF 16V X7R 0402,C_0402_1005Metric,Murata,GRM155R71C104KA88J,490-6328-2-ND,CAP CER 0.1uF 16V X7R 0402,https://www.murata.com/,OCXO,STD
C108,1,4.7nF,4.7nF 16V X7R 0402,C_0402_1005Metric,Murata,GRM155R71C472KA01D,490-6334-2-ND,CAP CER 4.7nF 16V X7R 0402,https://www.murata.com/,OCXO,STD
C109,1,22uF,22uF 16V X7R 0805,C_0805_2012Metric,,,,CAP CER 22uF 16V X7R 0805,https://search.murata.co.jp/Ceramy/image/img/A01X/G101/ENG/GRM21BZ71C106KE15-01A.pdf,OCXO,SELECT OCXO-C0G?
C110,1,10nF,10nF 16V X7R 0402,C_0402_1005Metric,Murata,GRM155R71C103KA01D,490-1313-2-ND,CAP CER 10nF 16V X7R 0402,https://www.murata.com/,OCXO,STD
C111,1,10uF,10uF 16V X7R 0805,C_0805_2012Metric,Murata,GRM21BZ71C106KE15L,490-GRM21BZ71C106KE15LTR-ND,CAP CER 10uF 16V X7R 0805,https://www.murata.com/,OCXO,STD
C112,1,10uF,10uF 16V X7R 0805,C_0805_2012Metric,Murata,GRM21BZ71C106KE15L,490-GRM21BZ71C106KE15LTR-ND,CAP CER 10uF 16V X7R 0805,https://www.murata.com/,OCXO,STD
C113,1,10uF,10uF 16V X7R 0805,C_0805_2012Metric,Murata,GRM21BZ71C106KE15L,490-GRM21BZ71C106KE15LTR-ND,CAP CER 10uF 16V X7R 0805,https://www.murata.com/,OCXO,STD
C114,1,10uF,10uF 16V X7R 0805,C_0805_2012Metric,Murata,GRM21BZ71C106KE15L,490-GRM21BZ71C106KE15LTR-ND,CAP CER 10uF 16V X7R 0805,https://www.murata.com/,OCXO,STD
C115,1,10uF,10uF 16V X7R 0805,C_0805_2012Metric,Murata,GRM21BZ71C106KE15L,490-GRM21BZ71C106KE15LTR-ND,CAP CER 10uF 16V X7R 0805,https://www.murata.com/,OCXO,STD
C116,1,10nF,10nF 16V X7R 0402,C_0402_1005Metric,Murata,GRM155R71C103KA01D,490-1313-2-ND,CAP CER 10nF 16V X7R 0402,https://www.murata.com/,OCXO,STD
C117,1,22uF,22uF 16V X7R 0805,C_0805_2012Metric,,,,CAP CER 22uF 16V X7R 0805,https://search.murata.co.jp/Ceramy/image/img/A01X/G101/ENG/GRM21BZ71C106KE15-01A.pdf,OCXO,SELECT OCXO-C0G?
C118,1,0.1uF,0.1uF 16V X7R 0402,C_0402_1005Metric,Murata,GRM155R71C104KA88J,490-6328-2-ND,CAP CER 0.1uF 16V X7R 0402,https://www.murata.com/,OCXO,STD
C119,1,10nF,10nF 16V X7R 0402,C_0402_1005Metric,Murata,GRM155R71C103KA01D,490-1313-2-ND,CAP CER 10nF 16V X7R 0402,https://www.murata.com/,Rb Power,STD
C120,1,0.1uF,0.1uF 16V X7R 0402,C_0402_1005Metric,Murata,GRM155R71C104KA88J,490-6328-2-ND,CAP CER 0.1uF 16V X7R 0402,https://www.murata.com/,Rb Power,STD
C121,1,0.1uF,0.1uF 16V X7R 0402,C_0402_1005Metric,Murata,GRM155R71C104KA88J,490-6328-2-ND,CAP CER 0.1uF 16V X7R 0402,https://www.murata.com/,Rb Power,STD
C122,1,0.1uF,0.1uF 16V X7R 0402,C_0402_1005Metric,Murata,GRM155R71C104KA88J,490-6328-2-ND,CAP CER 0.1uF 16V X7R 0402,https://www.murata.com/,Rb Power,STD
C123,1,0.1uF,0.1uF 16V X7R 0402,C_0402_1005Metric,Murata,GRM155R71C104KA88J,490-6328-2-ND,CAP CER 0.1uF 16V X7R 0402,https://www.murata.com/,Rb Power,STD
C124,1,0.1uF,0.1uF 16V X7R 0402,C_0402_1005Metric,Murata,GRM155R71C104KA88J,490-6328-2-ND,CAP CER 0.1uF 16V X7R 0402,https://www.murata.com/,Rb Power,STD
C125,1,47nF,47nF 16V X7R 0402,C_0402_1005Metric,,,,CAP CER 47nF 16V X7R 0402,https://search.murata.co.jp/Ceramy/image/img/A01X/G101/ENG/GRM155R71C472KA01-01.pdf,Rb Power,SELECT
C126,1,47uF,47uF 16V X6S 1210,C_1210_3225Metric,Murata,GRM32EC81C476KE15K,490-16309-2-ND,CAP CER 47uF 16V X6S 1210,https://www.murata.com/,Rb Power,STD
C127,1,47uF,47uF 16V X6S 1210,C_1210_3225Metric,Murata,GRM32EC81C476KE15K,490-16309-2-ND,CAP CER 47uF 16V X6S 1210,https://www.murata.com/,Rb Power,STD
C128,1,47uF,47uF 16V X6S 1210,C_1210_3225Metric,Murata,GRM32EC81C476KE15K,490-16309-2-ND,CAP CER 47uF 16V X6S 1210,https://www.murata.com/,Rb Power,STD
C129,1,2.2uF,2.2uF 16V X7R 0603,C_0603_1608Metric,Murata,GRM188Z71C225KE43D,490-GRM188Z71C225KE43DTR-ND,CAP CER 2.2uF 16V X7R 0603,https://www.murata.com/,Rb Power,STD
C130,1,1uF,1uF 16V X7R 0603,C_0603_1608Metric,,,,CAP CER 1uF 16V X7R 0603,,Rb Power,SELECT
C131,1,0.1uF,0.1uF 16V X7R 0402,C_0402_1005Metric,Murata,GRM155R71C104KA88J,490-6328-2-ND,CAP CER 0.1uF 16V X7R 0402,https://www.murata.com/,Rb Power,STD
C132,1,0.1uF,0.1uF 16V X7R 0402,C_0402_1005Metric,Murata,GRM155R71C104KA88J,490-6328-2-ND,CAP CER 0.1uF 16V X7R 0402,https://www.murata.com/,Rb Power,STD
C133,1,2.2uF,2.2uF 100V X7T 0805,C_0805_2012Metric,Murata,GRM21BD72A225ME01K,490-GRM21BD72A225ME01KTR-ND,CAP CER 2.2uF 100V X7T 0805,https://www.murata.com/,Rb Power,STD
C134,1,2.2uF,2.2uF 100V X7T 0805,C_0805_2012Metric,Murata,GRM21BD72A225ME01K,490-GRM21BD72A225ME01KTR-ND,CAP CER 2.2uF 100V X7T 0805,https://www.murata.com/,Rb Power,STD
C135,1,1uF,1uF 100V X7T 0603,C_0603_1608Metric,Murata,GRM188D72A105KE01W,490-GRM188D72A105KE01WTR-ND,CAP CER 1uF 100V X7T 0603,https://www.murata.com/,Rb Power,STD
C136,1,2.2uF,2.2uF 100V X7T 0805,C_0805_2012Metric,Murata,GRM21BD72A225ME01K,490-GRM21BD72A225ME01KTR-ND,CAP CER 2.2uF 100V X7T 0805,https://www.murata.com/,Rb Power,STD
C137,1,4.7uF,4.7uF 16V X7R 0805,C_0805_2012Metric,Murata,GRM21BR71C475KE51K,490-GRM21BR71C475KE51KTR-ND,CAP CER 4.7uF 16V X7R 0805,https://www.murata.com/,Rb Power,STD
C138,1,2.2uF,2.2uF 16V X7R 0603,C_0603_1608Metric,Murata,GRM188Z71C225KE43D,490-GRM188Z71C225KE43DTR-ND,CAP CER 2.2uF 16V X7R 0603,https://www.murata.com/,Rb Power,STD
C139,1,0.1uF,0.1uF 16V X7R 0402,C_0402_1005Metric,Murata,GRM155R71C104KA88J,490-6328-2-ND,CAP CER 0.1uF 16V X7R 0402,https://www.murata.com/,Rb IO,STD
C140,1,0.1uF,0.1uF 16V X7R 0402,C_0402_1005Metric,Murata,GRM155R71C104KA88J,490-6328-2-ND,CAP CER 0.1uF 16V X7R 0402,https://www.murata.com/,Rb IO,STD
C141,1,47pF,47pF 16V C0G 0402,C_0402_1005Metric,,,,CAP CER 47pF 16V C0G 0402,https://search.murata.co.jp/Ceramy/image/img/A01X/G101/ENG/GRM1555C1H151JA01-01.pdf,Rb IO,SELECT
C142,1,47pF,47pF 16V C0G 0402,C_0402_1005Metric,,,,CAP CER 47pF 16V C0G 0402,https://search.murata.co.jp/Ceramy/image/img/A01X/G101/ENG/GRM1555C1H151JA01-01.pdf,Rb IO,SELECT
C143,1,1uF,1uF 16V X7R 0603,C_0603_1608Metric,,,,CAP CER 1uF 16V X7R 0603,https://search.murata.co.jp/Ceramy/image/img/A01X/G101/ENG/GRM1555C1H151JA01-01.pdf,Rb IO,SELECT
C144,1,0.1uF,0.1uF 16V X7R 0402,C_0402_1005Metric,Murata,GRM155R71C104KA88J,490-6328-2-ND,CAP CER 0.1uF 16V X7R 0402,https://www.murata.com/,Rb IO,STD
C145,1,0.1uF,0.1uF 16V X7R 0402,C_0402_1005Metric,Murata,GRM155R71C104KA88J,490-6328-2-ND,CAP CER 0.1uF 16V X7R 0402,https://www.murata.com/,Rb IO,STD
C146,1,47pF,47pF 16V C0G 0402,C_0402_1005Metric,,,,CAP CER 47pF 16V C0G 0402,https://search.murata.co.jp/Ceramy/image/img/A01X/G101/ENG/GRM1555C1H151JA01-01.pdf,Rb IO,SELECT
C147,1,47pF,47pF 16V C0G 0402,C_0402_1005Metric,,,,CAP CER 47pF 16V C0G 0402,https://search.murata.co.jp/Ceramy/image/img/A01X/G101/ENG/GRM1555C1H151JA01-01.pdf,Rb IO,SELECT
C148,1,10nF,10nF 16V X7R 0402,C_0402_1005Metric,Murata,GRM155R71C103KA01D,490-1313-2-ND,CAP CER 10nF 16V X7R 0402,https://www.murata.com/,Rb IO,STD
C149,1,0.1uF,0.1uF 16V X7R 0402,C_0402_1005Metric,Murata,GRM155R71C104KA88J,490-6328-2-ND,CAP CER 0.1uF 16V X7R 0402,https://www.murata.com/,Refrence Clock Input,STD
C150,1,0.1uF,0.1uF 16V X7R 0402,C_0402_1005Metric,Murata,GRM155R71C104KA88J,490-6328-2-ND,CAP CER 0.1uF 16V X7R 0402,https://www.murata.com/,Refrence Clock Input,STD
C151,1,10nF,10nF 16V X7R 0402,C_0402_1005Metric,Murata,GRM155R71C103KA01D,490-1313-2-ND,CAP CER 10nF 16V X7R 0402,https://www.murata.com/,Refrence Clock Input,STD
C152,1,1uF,1uF 16V X7R 0603,C_0603_1608Metric,,,,CAP CER 1uF 16V X7R 0603,https://product.tdk.com/system/files/dam/doc/product/capacitor/ceramic/mlcc/catalog/mlcc_commercial_general_en.pdf,Refrence Clock Input,SELECT
C153,1,0.1uF,0.1uF 16V X7R 0402,C_0402_1005Metric,Murata,GRM155R71C104KA88J,490-6328-2-ND,CAP CER 0.1uF 16V X7R 0402,https://www.murata.com/,Refrence Clock Input,STD
C154,1,10uF,10uF 16V X7R 0805,C_0805_2012Metric,Murata,GRM21BZ71C106KE15L,490-GRM21BZ71C106KE15LTR-ND,CAP CER 10uF 16V X7R 0805,https://www.murata.com/,Refrence Clock Input,STD
C155,1,10nF,10nF 16V X7R 0402,C_0402_1005Metric,Murata,GRM155R71C103KA01D,490-1313-2-ND,CAP CER 10nF 16V X7R 0402,https://www.murata.com/,Refrence Clock Input,STD
C156,1,10uF,10uF 16V X7R 0805,C_0805_2012Metric,Murata,GRM21BZ71C106KE15L,490-GRM21BZ71C106KE15LTR-ND,CAP CER 10uF 16V X7R 0805,https://www.murata.com/,Refrence Clock Input,STD
C157,1,1uF,1uF 16V X7R 0603,C_0603_1608Metric,,,,CAP CER 1uF 16V X7R 0603,https://product.tdk.com/system/files/dam/doc/product/capacitor/ceramic/mlcc/catalog/mlcc_commercial_general_en.pdf,Clock MUX,SELECT
C158,1,0.1uF,0.1uF 16V X7R 0402,C_0402_1005Metric,Murata,GRM155R71C104KA88J,490-6328-2-ND,CAP CER 0.1uF 16V X7R 0402,https://www.murata.com/,Clock MUX,STD
C159,1,0.1uF,0.1uF 16V X7R 0402,C_0402_1005Metric,Murata,GRM155R71C104KA88J,490-6328-2-ND,CAP CER 0.1uF 16V X7R 0402,https://www.murata.com/,Clock MUX,STD
C160,1,0.1uF,0.1uF 16V X7R 0402,C_0402_1005Metric,Murata,GRM155R71C104KA88J,490-6328-2-ND,CAP CER 0.1uF 16V X7R 0402,https://www.murata.com/,Clock MUX,STD
C161,1,0.1uF,0.1uF 16V X7R 0402,C_0402_1005Metric,Murata,GRM155R71C104KA88J,490-6328-2-ND,CAP CER 0.1uF 16V X7R 0402,https://www.murata.com/,I2C GPIO,STD
C162,1,0.1uF,0.1uF 16V X7R 0402,C_0402_1005Metric,Murata,GRM155R71C104KA88J,490-6328-2-ND,CAP CER 0.1uF 16V X7R 0402,https://www.murata.com/,I2C GPIO,STD
C163,1,0.1uF,0.1uF 16V X7R 0402,C_0402_1005Metric,Murata,GRM155R71C104KA88J,490-6328-2-ND,CAP CER 0.1uF 16V X7R 0402,https://www.murata.com/,I2C GPIO,STD
C164,1,0.1uF,0.1uF 16V X7R 0402,C_0402_1005Metric,Murata,GRM155R71C104KA88J,490-6328-2-ND,CAP CER 0.1uF 16V X7R 0402,https://www.murata.com/,I2C GPIO,STD
C165,1,0.1uF,0.1uF 16V X7R 0402,C_0402_1005Metric,Murata,GRM155R71C104KA88J,490-6328-2-ND,CAP CER 0.1uF 16V X7R 0402,https://www.murata.com/,I2C GPIO,STD
C166,1,0.1uF,0.1uF 16V X7R 0402,C_0402_1005Metric,Murata,GRM155R71C104KA88J,490-6328-2-ND,CAP CER 0.1uF 16V X7R 0402,https://www.murata.com/,I2C GPIO,STD
C167,1,0.1uF,0.1uF 16V X7R 0402,C_0402_1005Metric,Murata,GRM155R71C104KA88J,490-6328-2-ND,CAP CER 0.1uF 16V X7R 0402,https://www.murata.com/,I2C GPIO,STD
C168,1,0.1uF,0.1uF 16V X7R 0402,C_0402_1005Metric,Murata,GRM155R71C104KA88J,490-6328-2-ND,CAP CER 0.1uF 16V X7R 0402,https://www.murata.com/,I2C GPIO,STD
C169,1,0.1uF,0.1uF 16V X7R 0402,C_0402_1005Metric,Murata,GRM155R71C104KA88J,490-6328-2-ND,CAP CER 0.1uF 16V X7R 0402,https://www.murata.com/,I2C GPIO,STD
C170,1,0.1uF,0.1uF 16V X7R 0402,C_0402_1005Metric,Murata,GRM155R71C104KA88J,490-6328-2-ND,CAP CER 0.1uF 16V X7R 0402,https://www.murata.com/,I2C Buffer,STD
C171,1,0.1uF,0.1uF 16V X7R 0402,C_0402_1005Metric,Murata,GRM155R71C104KA88J,490-6328-2-ND,CAP CER 0.1uF 16V X7R 0402,https://www.murata.com/,I2C Peripherals,STD
C172,1,0.1uF,0.1uF 16V X7R 0402,C_0402_1005Metric,Murata,GRM155R71C104KA88J,490-6328-2-ND,CAP CER 0.1uF 16V X7R 0402,https://www.murata.com/,I2C Peripherals,STD
C173,1,0.1uF,0.1uF 16V X7R 0402,C_0402_1005Metric,Murata,GRM155R71C104KA88J,490-6328-2-ND,CAP CER 0.1uF 16V X7R 0402,https://www.murata.com/,I2C Peripherals,STD
C174,1,0.1uF,0.1uF 16V X7R 0402,C_0402_1005Metric,Murata,GRM155R71C104KA88J,490-6328-2-ND,CAP CER 0.1uF 16V X7R 0402,https://www.murata.com/,I2C Peripherals,STD
C175,1,0.1uF,0.1uF 16V X7R 0402,C_0402_1005Metric,Murata,GRM155R71C104KA88J,490-6328-2-ND,CAP CER 0.1uF 16V X7R 0402,https://www.murata.com/,I2C Peripherals,STD
C176,1,220nF,220nF 16V X7R 0402,C_0402_1005Metric,,,,CAP CER 220nF 16V X7R 0402,https://product.tdk.com/system/files/dam/doc/product/capacitor/ceramic/mlcc/catalog/mlcc_commercial_general_en.pdf,I2C Peripherals,SELECT
C177,1,0.1uF,0.1uF 16V X7R 0402,C_0402_1005Metric,Murata,GRM155R71C104KA88J,490-6328-2-ND,CAP CER 0.1uF 16V X7R 0402,https://www.murata.com/,I2C Peripherals,STD
C178,1,0.1uF,0.1uF 16V X7R 0402,C_0402_1005Metric,Murata,GRM155R71C104KA88J,490-6328-2-ND,CAP CER 0.1uF 16V X7R 0402,https://www.murata.com/,I2C Peripherals,STD
C179,1,0.1uF,0.1uF 16V X7R 0402,C_0402_1005Metric,Murata,GRM155R71C104KA88J,490-6328-2-ND,CAP CER 0.1uF 16V X7R 0402,https://www.murata.com/,SPI Peripherals,STD
C180,1,0.1uF,0.1uF 16V X7R 0402,C_0402_1005Metric,Murata,GRM155R71C104KA88J,490-6328-2-ND,CAP CER 0.1uF 16V X7R 0402,https://www.murata.com/,WDT,STD
C181,1,0.1uF,0.1uF 16V X7R 0402,C_0402_1005Metric,Murata,GRM155R71C104KA88J,490-6328-2-ND,CAP CER 0.1uF 16V X7R 0402,https://www.murata.com/,WDT,STD
D1,1,BAV70LT1G,BAV70LT1G,SOT-23-3,onsemi,BAV70LT1G,BAV70LT1GOSTR-ND,DIODE ARR GP 100V 200MA SOT23-3,https://www.onsemi.com/pdf/datasheet/bav70lt1-d.pdf,PoE,KEEP
D2,1,DF6A6.8FUT1G,DFA6A6.8FUT,Package_TO_SOT_SMD:SOT-363_SC-70-6,onsemi,DF6A6.8FUT1G,DF6A6.8FUT1GOSCT-ND,TVS DIODE 5VWM SC88/SC706/SOT363,https://www.onsemi.com/pdf/datasheet/df6a6.8fut1-d.pdf,PoE,KEEP
D3,1,DF6A6.8FUT1G,DFA6A6.8FUT,Package_TO_SOT_SMD:SOT-363_SC-70-6,onsemi,DF6A6.8FUT1G,DF6A6.8FUT1GOSCT-ND,TVS DIODE 5VWM SC88/SC706/SOT363,https://www.onsemi.com/pdf/datasheet/df6a6.8fut1-d.pdf,PoE,KEEP
D4,1,12V,D_Zener,,,,,Zener diode,,PoE,SELECT
D5,1,IN-P55TATRGB,Inolux_IN-P55TATRGB,Library:LED_IN-P55TATRGB,Inolux,IN-P55TATRGB,1830-1098-1-ND,LED RGB CLEAR 6PLCC SMD,https://www.inolux-corp.com/datasheet/SMDLED/RGB%20Top%20View/IN-P55TATRGB.pdf,LED,KEEP
D6,1,SMF5V0A,SMF5V0A,Diode_SMD:D_SMF,,SMF5V0A,,"200W unidirectional Transil Transient Voltage Suppressor, 5Vrwm, SMF",https://www.vishay.com/doc?85881,Connectors,MPN-FROM-VALUE
D7,1,1.5SMCxxA,1.5SMCxxA,Diode_SMD:D_SMC,,,,"1500W unidirectional TVS diode, SMC (DO-201AB)",https://www.vishay.com/docs/88303/15smc.pdf,Connectors,SELECT
D8,1,SZESD7410MXWT5G,SZESD7410MXWT5G,,,SZESD7410MXWT5G,,SZESD7410MXWT5G,,Connectors,MPN-FROM-VALUE
D9,1,SZESD7410MXWT5G,SZESD7410MXWT5G,,,SZESD7410MXWT5G,,SZESD7410MXWT5G,,Connectors,MPN-FROM-VALUE
D10,1,BAT54J,BAT54J,Diode_SMD:D_SOD-323F,,BAT54J,,"30V 200mA Schottky diode, SOD-323F",https://assets.nexperia.com/documents/data-sheet/BAT54J.pdf,OCXO,MPN-FROM-VALUE
D11,1,BAS16W,BAS16W,Package_TO_SOT_SMD:SOT-323_SC-70,,BAS16W,,"100V, 0.175A, High-speed Switching Diode, SOT-323",https://assets.nexperia.com/documents/data-sheet/BAS16_SER.pdf,Rb Power,MPN-FROM-VALUE
D12,1,BAT54S,BAT54S,Package_TO_SOT_SMD:SOT-23,,BAT54S,,"Vr 30V, If 200mA, Dual schottky barrier diode, in series, SOT-323",https://www.diodes.com/assets/Datasheets/ds11005.pdf,Rb IO,MPN-FROM-VALUE
D13,1,SMAJ15CA,SMAJ15CA,DO-214AC,WÃ¼rth Elektronik,SMAJ15CA,732-SMAJ15CATR-ND,TVS DIODE 15VWM 24.4VC DO214AC,https://www.we-online.com/catalog/datasheet/824501151.pdf,Rb IO,KEEP
D14,1,SMAJ15CA,SMAJ15CA,DO-214AC,WÃ¼rth Elektronik,SMAJ15CA,732-SMAJ15CATR-ND,TVS DIODE 15VWM 24.4VC DO214AC,https://www.we-online.com/catalog/datasheet/824501151.pdf,Rb IO,KEEP
D15,1,BAT54J,BAT54J,Diode_SMD:D_SOD-323F,,BAT54J,,"30V 200mA Schottky diode, SOD-323F",https://assets.nexperia.com/documents/data-sheet/BAT54J.pdf,Rb IO,MPN-FROM-VALUE
D16,1,3V3,D_Zener,,,,,Zener diode,,Rb IO,SELECT
D17,1,BAT54J,BAT54J,Diode_SMD:D_SOD-323F,,BAT54J,,"30V 200mA Schottky diode, SOD-323F",https://assets.nexperia.com/documents/data-sheet/BAT54J.pdf,Rb IO,MPN-FROM-VALUE
D18,1,BAT54S,BAT54S,Package_TO_SOT_SMD:SOT-23,,BAT54S,,"Vr 30V, If 200mA, Dual schottky barrier diode, in series, SOT-323",https://www.diodes.com/assets/Datasheets/ds11005.pdf,Refrence Clock Input,MPN-FROM-VALUE
D19,1,BAT54S,BAT54S,Package_TO_SOT_SMD:SOT-23,,BAT54S,,"Vr 30V, If 200mA, Dual schottky barrier diode, in series, SOT-323",https://www.diodes.com/assets/Datasheets/ds11005.pdf,Refrence Clock Input,MPN-FROM-VALUE
D20,1,3V3,D_Zener,,,,,Zener diode,,Refrence Clock Input,SELECT
D21,1,3V3,D_Zener,,,,,Zener diode,,Refrence Clock Input,SELECT
FB1,1,600,600,1206,Murata Electronics,BLM31KN601SN1L,490-16533-1-ND,FERRITE BEAD 600 OHM 1206 1LN,https://www.murata.com/en-us/products/productdata/8801529331742/ENFA0091.pdf,Ethernet PHY,KEEP
FB2,1,600,600,1206,Murata Electronics,BLM31KN601SN1L,490-16533-1-ND,FERRITE BEAD 600 OHM 1206 1LN,https://www.murata.com/en-us/products/productdata/8801529331742/ENFA0091.pdf,STM32,KEEP
FB3,1,600,600,1206,Murata Electronics,BLM31KN601SN1L,490-16533-1-ND,FERRITE BEAD 600 OHM 1206 1LN,https://www.murata.com/en-us/products/productdata/8801529331742/ENFA0091.pdf,GPS,KEEP
FB4,1,120,120,0402,Murata Electronics,BLM15HB121SH1D,490-15018-1-ND,FERRITE BEAD 120 OHM 0402 1LN,https://www.murata.com/en-us/products/productdata/8796742189086/QNFA9111.pdf,GPS Antenna,KEEP
FB5,1,600,600,1206,Murata Electronics,BLM31KN601SN1L,490-16533-1-ND,FERRITE BEAD 600 OHM 1206 1LN,https://www.murata.com/en-us/products/productdata/8801529331742/ENFA0091.pdf,GPS Antenna,KEEP
FB6,1,600,600,1206,Murata Electronics,BLM31KN601SN1L,490-16533-1-ND,FERRITE BEAD 600 OHM 1206 1LN,https://www.murata.com/en-us/products/productdata/8801529331742/ENFA0091.pdf,GPS Antenna,KEEP
FB7,1,600,600,1206,Murata Electronics,BLM31KN601SN1L,490-16533-1-ND,FERRITE BEAD 600 OHM 1206 1LN,https://www.murata.com/en-us/products/productdata/8801529331742/ENFA0091.pdf,5V/3.3V Main Power Supply,KEEP
FB8,1,600,600,1206,Murata Electronics,BLM31KN601SN1L,490-16533-1-ND,FERRITE BEAD 600 OHM 1206 1LN,https://www.murata.com/en-us/products/productdata/8801529331742/ENFA0091.pdf,Rb Power,KEEP
FB9,1,600,600,1206,Murata Electronics,BLM31KN601SN1L,490-16533-1-ND,FERRITE BEAD 600 OHM 1206 1LN,https://www.murata.com/en-us/products/productdata/8801529331742/ENFA0091.pdf,Refrence Clock Input,KEEP
FB10,1,600,600,1206,Murata Electronics,BLM31KN601SN1L,490-16533-1-ND,FERRITE BEAD 600 OHM 1206 1LN,https://www.murata.com/en-us/products/productdata/8801529331742/ENFA0091.pdf,Clock MUX,KEEP
J1,1,0826-1X1T-HS-F,0826-1X1T-GH-F,,Bel Fuse,0826-1X1T-HS-F,507-2168-ND,CONN JACK 1PORT 1000 BASE-T PCB,https://www.belfuse.com/resources/brochures/magneticsolutions/br-mag-1g_2gbase-t-100w-poe-icms.pdf,Ethernet Input,KEEP
J2,1,Conn_01x04_Pin,Conn_01x04_Pin,,,,,"Generic connector, single row, 01x04, script generated",,Connectors,SELECT
J3,1,Conn_01x06_Pin,Conn_01x06_Pin,Library:GCT_BG055-06A-1-0450-0530-0350-L-D,GCT,BG055-06A-1-0450-0530-0350-L-D,2073-BG055-06A-1-0450-0530-0350-L-D-ND,"6W, 2.54MM PITCH PIN HDR, SIL, S",https://gct.co/files/specs/2.54mm-header-spec.pdf,Connectors,KEEP
J4,1,Conn_01x14_Pin,Conn_01x14_Pin,,,,,"Generic connector, single row, 01x14, script generated",,Connectors,SELECT
J5,1,USB4120-03-C_REVA6,USB4120-03-C_REVA6,USB4120-03-C_REVA6:GCT_USB4120-03-C_REVA6,Global Connector Technology,USB4120-03-C_REVA6,,USB4120-03-C_REVA6,,Connectors,MPN-FROM-VALUE
J6,1,DE9_Socket_MountingHoles,DE9_Socket_MountingHoles,,,,,"9-pin D-SUB connector, socket (female), Mounting Hole",,Connectors,SELECT
J7,1,Conn_Coaxial,Conn_Coaxial,,,,,"coaxial connector (BNC, SMA, SMB, SMC, Cinch/RCA, LEMO, ...)",,Connectors,SELECT
J8,1,Conn_Coaxial,Conn_Coaxial,,,,,"coaxial connector (BNC, SMA, SMB, SMC, Cinch/RCA, LEMO, ...)",,Connectors,SELECT
J9,1,Conn_Coaxial,Conn_Coaxial,,,,,"coaxial connector (BNC, SMA, SMB, SMC, Cinch/RCA, LEMO, ...)",,Connectors,SELECT
J10,1,Conn_01x02_Pin,Conn_01x02_Pin,,,,,"Generic connector, single row, 01x02, script generated",,Connectors,SELECT
J11,1,Conn_01x08_Pin,Conn_01x08_Pin,,,,,"Generic connector, single row, 01x08, script generated",,Connectors,SELECT
K1,1,G6K-2F-Y DC3,G6K-2,,,G6K-2F-Y DC3,,"Miniature 2-pole relay, Single-side Stable",http://omronfs.omron.com/en_US/ecb/products/pdf/en-g6k.pdf,Rb IO,MPN-FROM-VALUE
L1,1,47nH,47nH,0402,Murata Electronics,LQG15HS47NJ02D,490-2631-1-ND,FIXED IND 47NH 300MA 720 MOHM,https://search.murata.co.jp/Ceramy/image/img/P02/JELF243B-0010.pdf,GPS Antenna,KEEP
L2,1,6.8uH,6.8uH,,Bourns Inc.,SRP1265A-6R8M,SRP1265A-6R8MTR-ND,FIXED IND 6.8UH 11.5A 11.5 MOHM,https://www.bourns.com/docs/Product-Datasheets/SRP1265A.pdf,5V/3.3V Main Power Supply,KEEP
L3,1,2.2uH,2.2uH,,Eaton - Electronics Division,DR73-2R2-R,283-DR73-2R2-RTR-ND,FIXED IND 2.2UH 4.15A 16.5 MOHM,https://www.eaton.com/content/dam/eaton/products/electronic-components/resources/data-sheet/eaton-dr-high-power-density-high-efficiency-shielded-drum-core-power-inductors-data-sheet.pdf,5V/3.3V Main Power Supply,KEEP
L4,1,2.2uH,2.2uH,,,,,Inductor,,Battery Backup Supplies,SELECT
L5,1,2.2uH,2.2uH,,,,,Inductor,,Battery Backup Supplies,SELECT
L6,1,2.2uH,2.2uH,,Eaton - Electronics Division,DR73-2R2-R,283-DR73-2R2-RTR-ND,FIXED IND 2.2UH 4.15A 16.5 MOHM,https://www.eaton.com/content/dam/eaton/products/electronic-components/resources/data-sheet/eaton-dr-high-power-density-high-efficiency-shielded-drum-core-power-inductors-data-sheet.pdf,OCXO,KEEP
L7,1,40uH,40uH,,Bourns Inc.,SRP1265A-6R8M,SRP1265A-6R8MTR-ND,FIXED IND 6.8UH 11.5A 11.5 MOHM,https://www.bourns.com/docs/Product-Datasheets/SRP1265A.pdf,Rb Power,KEEP
L8,1,600 100MHz,600 100MHz,,Fair-Rite Products Corp.,2508056017Y2,1934-1487-2-ND,FERRITE BEAD 600 OHM 0805 3LN,https://www.fair-rite.com/wp-content/themes/fair-rite/print_product.php?pid=19181,Rb IO,KEEP
L9,1,600 100MHz,600 100MHz,,Fair-Rite Products Corp.,2508056017Y2,1934-1487-2-ND,FERRITE BEAD 600 OHM 0805 3LN,https://www.fair-rite.com/wp-content/themes/fair-rite/print_product.php?pid=19181,Rb IO,KEEP
Q1,1,BC847W,BC847W,Package_TO_SOT_SMD:SOT-323_SC-70,,BC847W,,"0.1A Ic, 45V Vce, NPN Transistor, SOT-323",http://www.infineon.com/dgdl/Infineon-BC847SERIES_BC848SERIES_BC849SERIES_BC850SERIES-DS-v01_01-en.pdf?fileId=db3a304314dca389011541d4630a1657,PoE,MPN-FROM-VALUE
Q2,1,FDMC8622,FDMC8622,8-PowerWDFN,onsemi,FDMC8622,FDMC8622TR-ND,MOSFET N-CH 100V 4A/16A 8MLP,https://www.onsemi.com/pdf/datasheet/fdmc8622-d.pdf,PoE,KEEP
Q3,1,BC857W,BC857W,Package_TO_SOT_SMD:SOT-323_SC-70,,BC857W,,"0.1A Ic, 45V Vce, PNP Small Signal Transistor, SOT-323",http://www.infineon.com/dgdl/Infineon-BC857SERIES_BC858SERIES_BC859SERIES_BC860SERIES-DS-v01_01-en.pdf?fileId=db3a304314dca389011541da0e3a1661,PoE,MPN-FROM-VALUE
Q4,1,BC847W,BC847W,Package_TO_SOT_SMD:SOT-323_SC-70,,BC847W,,"0.1A Ic, 45V Vce, NPN Transistor, SOT-323",http://www.infineon.com/dgdl/Infineon-BC847SERIES_BC848SERIES_BC849SERIES_BC850SERIES-DS-v01_01-en.pdf?fileId=db3a304314dca389011541d4630a1657,PoE,MPN-FROM-VALUE
Q5,1,BC847W,BC847W,Package_TO_SOT_SMD:SOT-323_SC-70,,BC847W,,"0.1A Ic, 45V Vce, NPN Transistor, SOT-323",http://www.infineon.com/dgdl/Infineon-BC847SERIES_BC848SERIES_BC849SERIES_BC850SERIES-DS-v01_01-en.pdf?fileId=db3a304314dca389011541d4630a1657,PoE,MPN-FROM-VALUE
Q6,1,BC847W,BC847W,Package_TO_SOT_SMD:SOT-323_SC-70,,BC847W,,"0.1A Ic, 45V Vce, NPN Transistor, SOT-323",http://www.infineon.com/dgdl/Infineon-BC847SERIES_BC848SERIES_BC849SERIES_BC850SERIES-DS-v01_01-en.pdf?fileId=db3a304314dca389011541d4630a1657,STM32,MPN-FROM-VALUE
Q7,1,BC847W,BC847W,Package_TO_SOT_SMD:SOT-323_SC-70,,BC847W,,"0.1A Ic, 45V Vce, NPN Transistor, SOT-323",http://www.infineon.com/dgdl/Infineon-BC847SERIES_BC848SERIES_BC849SERIES_BC850SERIES-DS-v01_01-en.pdf?fileId=db3a304314dca389011541d4630a1657,STM32,MPN-FROM-VALUE
Q8,1,BC847W,BC847W,Package_TO_SOT_SMD:SOT-323_SC-70,,BC847W,,"0.1A Ic, 45V Vce, NPN Transistor, SOT-323",http://www.infineon.com/dgdl/Infineon-BC847SERIES_BC848SERIES_BC849SERIES_BC850SERIES-DS-v01_01-en.pdf?fileId=db3a304314dca389011541d4630a1657,LED,MPN-FROM-VALUE
Q9,1,BC847W,BC847W,Package_TO_SOT_SMD:SOT-323_SC-70,,BC847W,,"0.1A Ic, 45V Vce, NPN Transistor, SOT-323",http://www.infineon.com/dgdl/Infineon-BC847SERIES_BC848SERIES_BC849SERIES_BC850SERIES-DS-v01_01-en.pdf?fileId=db3a304314dca389011541d4630a1657,LED,MPN-FROM-VALUE
Q10,1,BC847W,BC847W,Package_TO_SOT_SMD:SOT-323_SC-70,,BC847W,,"0.1A Ic, 45V Vce, NPN Transistor, SOT-323",http://www.infineon.com/dgdl/Infineon-BC847SERIES_BC848SERIES_BC849SERIES_BC850SERIES-DS-v01_01-en.pdf?fileId=db3a304314dca389011541d4630a1657,LED,MPN-FROM-VALUE
Q11,1,NSS40300MZ4T1G,BCP51,Package_TO_SOT_SMD:SOT-223-3_TabPin2,onsemi,NSS40300MZ4T1G,NSS40300MZ4T1GOSCT-ND,TRANS PNP 40V 3A SOT223,https://www.onsemi.com/pdf/datasheet/nss40300mz4-d.pdf,GPS Antenna,KEEP
Q12,1,BC857W,BC857W,Package_TO_SOT_SMD:SOT-323_SC-70,,BC857W,,"0.1A Ic, 45V Vce, PNP Small Signal Transistor, SOT-323",http://www.infineon.com/dgdl/Infineon-BC857SERIES_BC858SERIES_BC859SERIES_BC860SERIES-DS-v01_01-en.pdf?fileId=db3a304314dca389011541da0e3a1661,GPS Antenna,MPN-FROM-VALUE
Q13,1,BC857W,BC857W,Package_TO_SOT_SMD:SOT-323_SC-70,,BC857W,,"0.1A Ic, 45V Vce, PNP Small Signal Transistor, SOT-323",http://www.infineon.com/dgdl/Infineon-BC857SERIES_BC858SERIES_BC859SERIES_BC860SERIES-DS-v01_01-en.pdf?fileId=db3a304314dca389011541da0e3a1661,GPS Antenna,MPN-FROM-VALUE
Q14,1,BC847W,BC847W,Package_TO_SOT_SMD:SOT-323_SC-70,,BC847W,,"0.1A Ic, 45V Vce, NPN Transistor, SOT-323",http://www.infineon.com/dgdl/Infineon-BC847SERIES_BC848SERIES_BC849SERIES_BC850SERIES-DS-v01_01-en.pdf?fileId=db3a304314dca389011541d4630a1657,GPS Antenna,MPN-FROM-VALUE
Q15,1,BC847W,BC847W,Package_TO_SOT_SMD:SOT-323_SC-70,,BC847W,,"0.1A Ic, 45V Vce, NPN Transistor, SOT-323",http://www.infineon.com/dgdl/Infineon-BC847SERIES_BC848SERIES_BC849SERIES_BC850SERIES-DS-v01_01-en.pdf?fileId=db3a304314dca389011541d4630a1657,Rb Power,MPN-FROM-VALUE
Q16,1,BC847W,BC847W,Package_TO_SOT_SMD:SOT-323_SC-70,,BC847W,,"0.1A Ic, 45V Vce, NPN Transistor, SOT-323",http://www.infineon.com/dgdl/Infineon-BC847SERIES_BC848SERIES_BC849SERIES_BC850SERIES-DS-v01_01-en.pdf?fileId=db3a304314dca389011541d4630a1657,Rb Power,MPN-FROM-VALUE
Q17,1,BC857W,BC857W,Package_TO_SOT_SMD:SOT-323_SC-70,,BC857W,,"0.1A Ic, 45V Vce, PNP Small Signal Transistor, SOT-323",http://www.infineon.com/dgdl/Infineon-BC857SERIES_BC858SERIES_BC859SERIES_BC860SERIES-DS-v01_01-en.pdf?fileId=db3a304314dca389011541da0e3a1661,Rb Power,MPN-FROM-VALUE
Q18,1,BC847W,BC847W,Package_TO_SOT_SMD:SOT-323_SC-70,,BC847W,,"0.1A Ic, 45V Vce, NPN Transistor, SOT-323",http://www.infineon.com/dgdl/Infineon-BC847SERIES_BC848SERIES_BC849SERIES_BC850SERIES-DS-v01_01-en.pdf?fileId=db3a304314dca389011541d4630a1657,Rb Power,MPN-FROM-VALUE
Q19,1,BC847W,BC847W,Package_TO_SOT_SMD:SOT-323_SC-70,,BC847W,,"0.1A Ic, 45V Vce, NPN Transistor, SOT-323",http://www.infineon.com/dgdl/Infineon-BC847SERIES_BC848SERIES_BC849SERIES_BC850SERIES-DS-v01_01-en.pdf?fileId=db3a304314dca389011541d4630a1657,Rb Power,MPN-FROM-VALUE
Q20,1,BC847W,BC847W,Package_TO_SOT_SMD:SOT-323_SC-70,,BC847W,,"0.1A Ic, 45V Vce, NPN Transistor, SOT-323",http://www.infineon.com/dgdl/Infineon-BC847SERIES_BC848SERIES_BC849SERIES_BC850SERIES-DS-v01_01-en.pdf?fileId=db3a304314dca389011541d4630a1657,Rb Power,MPN-FROM-VALUE
Q21,1,BC847W,BC847W,Package_TO_SOT_SMD:SOT-323_SC-70,,BC847W,,"0.1A Ic, 45V Vce, NPN Transistor, SOT-323",http://www.infineon.com/dgdl/Infineon-BC847SERIES_BC848SERIES_BC849SERIES_BC850SERIES-DS-v01_01-en.pdf?fileId=db3a304314dca389011541d4630a1657,Rb IO,MPN-FROM-VALUE
R1,1,1M,1M 1% 1/10W 0402,R_0402_1005Metric,Panasonic,ERJ-2RKF1004X,,RES SMD 1M OHM 1% 1/10W 0402,https://industrial.panasonic.com/cdbs/www-data/pdf/RDA0000/AOA0000C304.pdf,Ethernet Input,STD
R2,1,1.2M,1.2M 1% 1/10W 0402,R_0402_1005Metric,Panasonic,ERJ-2RKF1204X,,RES SMD 1.2M OHM 1% 1/10W 0402,https://industrial.panasonic.com/cdbs/www-data/pdf/RDA0000/AOA0000C304.pdf,PoE,STD
R3,1,39.2k,39.2k 1% 1/10W 0402,R_0402_1005Metric,Panasonic,ERJ-2RKF3922X,,RES SMD 39.2k OHM 1% 1/10W 0402,https://industrial.panasonic.com/cdbs/www-data/pdf/RDA0000/AOA0000C304.pdf,PoE,STD
R4,1,174k,174k 1% 1/10W 0402,R_0402_1005Metric,Panasonic,ERJ-2RKF1743X,,RES SMD 174k OHM 1% 1/10W 0402,https://industrial.panasonic.com/cdbs/www-data/pdf/RDA0000/AOA0000C304.pdf,PoE,STD
R5,1,100k,100k 1% 1/10W 0402,R_0402_1005Metric,Panasonic,ERJ-2RKF1003X,,RES SMD 100k OHM 1% 1/10W 0402,https://industrial.panasonic.com/cdbs/www-data/pdf/RDA0000/AOA0000C304.pdf,PoE,STD
R6,1,2M,2M 1% 1/10W 0402,R_0402_1005Metric,Panasonic,ERJ-2RKF2004X,,RES SMD 2M OHM 1% 1/10W 0402,https://industrial.panasonic.com/cdbs/www-data/pdf/RDA0000/AOA0000C304.pdf,PoE,STD
R7,1,1k,1k 1% 1/10W 0402,R_0402_1005Metric,Panasonic,ERJ-2RKF1001X,,RES SMD 1k OHM 1% 1/10W 0402,https://industrial.panasonic.com/cdbs/www-data/pdf/RDA0000/AOA0000C304.pdf,PoE,STD
R8,1,100k,100k 1% 1/10W 0402,R_0402_1005Metric,Panasonic,ERJ-2RKF1003X,,RES SMD 100k OHM 1% 1/10W 0402,https://industrial.panasonic.com/cdbs/www-data/pdf/RDA0000/AOA0000C304.pdf,PoE,STD
R9,1,1.5M,1.5M 1% 1/10W 0402,R_0402_1005Metric,Panasonic,ERJ-2RKF1504X,,RES SMD 1.5M OHM 1% 1/10W 0402,https://industrial.panasonic.com/cdbs/www-data/pdf/RDA0000/AOA0000C304.pdf,PoE,STD
R10,1,1.5M,1.5M 1% 1/10W 0402,R_0402_1005Metric,Panasonic,ERJ-2RKF1504X,,RES SMD 1.5M OHM 1% 1/10W 0402,https://industrial.panasonic.com/cdbs/www-data/pdf/RDA0000/AOA0000C304.pdf,PoE,STD
R11,1,1.5M,1.5M 1% 1/10W 0402,R_0402_1005Metric,Panasonic,ERJ-2RKF1504X,,RES SMD 1.5M OHM 1% 1/10W 0402,https://industrial.panasonic.com/cdbs/www-data/pdf/RDA0000/AOA0000C304.pdf,PoE,STD
R12,1,1.5M,1.5M 1% 1/10W 0402,R_0402_1005Metric,Panasonic,ERJ-2RKF1504X,,RES SMD 1.5M OHM 1% 1/10W 0402,https://industrial.panasonic.com/cdbs/www-data/pdf/RDA0000/AOA0000C304.pdf,PoE,STD
R13,1,232,232 1% 1/10W 0402,R_0402_1005Metric,Panasonic,ERJ-2RKF2320X,,RES SMD 232 OHM 1% 1/10W 0402,https://industrial.panasonic.com/cdbs/www-data/pdf/RDA0000/AOA0000C304.pdf,PoE,STD
R14,1,909,909 1% 1/10W 0402,R_0402_1005Metric,Panasonic,ERJ-2RKF9090X,,RES SMD 909 OHM 1% 1/10W 0402,https://industrial.panasonic.com/cdbs/www-data/pdf/RDA0000/AOA0000C304.pdf,PoE,STD
R15,1,26.1k,RES 26.1K OHM 1% 1/10W 0402,402,"KOA Speer Electronics, Inc.",RK73H1ETTP2612F,2019-RK73H1ETTP2612FTR-ND,RES 26.1K OHM 1% 1/10W 0402,https://www.koaspeer.com/pdfs/RK73H.pdf,PoE,SPECIAL-KEEP
R16,1,25m,25m shunt - select 0.5% per INA rail (TBD),1206,YAGEO,,,RES 25m OHM 0.5% SENSE 0805 (value TBD per rail),https://www.yageo.com/upload/media/product/app/datasheet/rchip/pyu-rl_group_521_rohs_l.pdf,PoE,SHUNT-REVIEW
R17,1,10k,10k 1% 1/10W 0402,R_0402_1005Metric,Panasonic,ERJ-2RKF1002X,,RES SMD 10k OHM 1% 1/10W 0402,https://industrial.panasonic.com/cdbs/www-data/pdf/RDA0000/AOA0000C304.pdf,PoE,STD
R18,1,24.9k,24.9k 1% 1/10W 0402,R_0402_1005Metric,Panasonic,ERJ-2RKF2492X,,RES SMD 24.9k OHM 1% 1/10W 0402,https://industrial.panasonic.com/cdbs/www-data/pdf/RDA0000/AOA0000C304.pdf,PoE,STD
R19,1,100k,100k 1% 1/10W 0402,R_0402_1005Metric,Panasonic,ERJ-2RKF1003X,,RES SMD 100k OHM 1% 1/10W 0402,https://industrial.panasonic.com/cdbs/www-data/pdf/RDA0000/AOA0000C304.pdf,PoE,STD
R20,1,10k,10k 1% 1/10W 0402,R_0402_1005Metric,Panasonic,ERJ-2RKF1002X,,RES SMD 10k OHM 1% 1/10W 0402,https://industrial.panasonic.com/cdbs/www-data/pdf/RDA0000/AOA0000C304.pdf,PoE,STD
R21,1,100k,100k 1% 1/10W 0402,R_0402_1005Metric,Panasonic,ERJ-2RKF1003X,,RES SMD 100k OHM 1% 1/10W 0402,https://industrial.panasonic.com/cdbs/www-data/pdf/RDA0000/AOA0000C304.pdf,PoE,STD
R22,1,10k,10k 1% 1/10W 0402,R_0402_1005Metric,Panasonic,ERJ-2RKF1002X,,RES SMD 10k OHM 1% 1/10W 0402,https://industrial.panasonic.com/cdbs/www-data/pdf/RDA0000/AOA0000C304.pdf,PoE,STD
R23,1,10k,10k 1% 1/10W 0402,R_0402_1005Metric,Panasonic,ERJ-2RKF1002X,,RES SMD 10k OHM 1% 1/10W 0402,https://industrial.panasonic.com/cdbs/www-data/pdf/RDA0000/AOA0000C304.pdf,PoE,STD
R24,1,10k,10k 1% 1/10W 0402,R_0402_1005Metric,Panasonic,ERJ-2RKF1002X,,RES SMD 10k OHM 1% 1/10W 0402,https://industrial.panasonic.com/cdbs/www-data/pdf/RDA0000/AOA0000C304.pdf,PoE,STD
R25,1,180k,180k 1% 1/10W 0402,R_0402_1005Metric,Panasonic,ERJ-2RKF1803X,,RES SMD 180k OHM 1% 1/10W 0402,https://industrial.panasonic.com/cdbs/www-data/pdf/RDA0000/AOA0000C304.pdf,PoE,STD
R26,1,10k,10k 1% 1/10W 0402,R_0402_1005Metric,Panasonic,ERJ-2RKF1002X,,RES SMD 10k OHM 1% 1/10W 0402,https://industrial.panasonic.com/cdbs/www-data/pdf/RDA0000/AOA0000C304.pdf,PoE,STD
R27,1,10k,10k 1% 1/10W 0402,R_0402_1005Metric,Panasonic,ERJ-2RKF1002X,,RES SMD 10k OHM 1% 1/10W 0402,https://industrial.panasonic.com/cdbs/www-data/pdf/RDA0000/AOA0000C304.pdf,PoE,STD
R28,1,10k,10k 1% 1/10W 0402,R_0402_1005Metric,Panasonic,ERJ-2RKF1002X,,RES SMD 10k OHM 1% 1/10W 0402,https://industrial.panasonic.com/cdbs/www-data/pdf/RDA0000/AOA0000C304.pdf,PoE,STD
R29,1,100k,100k 1% 1/10W 0402,R_0402_1005Metric,Panasonic,ERJ-2RKF1003X,,RES SMD 100k OHM 1% 1/10W 0402,https://industrial.panasonic.com/cdbs/www-data/pdf/RDA0000/AOA0000C304.pdf,PoE,STD
R30,1,150m,150m shunt - select 0.5% per INA rail (TBD),0805,Ohmite,,,RES 150m OHM 0.5% SENSE 0805 (value TBD per rail),https://www.ohmite.com/assets/images/res-kdv.pdf,PoE,SHUNT-REVIEW
R31,1,100,100 1% 1/10W 0402,R_0402_1005Metric,Panasonic,ERJ-2RKF1000X,,RES SMD 100 OHM 1% 1/10W 0402,https://industrial.panasonic.com/cdbs/www-data/pdf/RDA0000/AOA0000C304.pdf,Ethernet PHY,STD
R32,1,100,100 1% 1/10W 0402,R_0402_1005Metric,Panasonic,ERJ-2RKF1000X,,RES SMD 100 OHM 1% 1/10W 0402,https://industrial.panasonic.com/cdbs/www-data/pdf/RDA0000/AOA0000C304.pdf,Ethernet PHY,STD
R33,1,100,100 1% 1/10W 0402,R_0402_1005Metric,Panasonic,ERJ-2RKF1000X,,RES SMD 100 OHM 1% 1/10W 0402,https://industrial.panasonic.com/cdbs/www-data/pdf/RDA0000/AOA0000C304.pdf,Ethernet PHY,STD
R34,1,100,100 1% 1/10W 0402,R_0402_1005Metric,Panasonic,ERJ-2RKF1000X,,RES SMD 100 OHM 1% 1/10W 0402,https://industrial.panasonic.com/cdbs/www-data/pdf/RDA0000/AOA0000C304.pdf,Ethernet PHY,STD
R35,1,10k,10k 1% 1/10W 0402,R_0402_1005Metric,Panasonic,ERJ-2RKF1002X,,RES SMD 10k OHM 1% 1/10W 0402,https://industrial.panasonic.com/cdbs/www-data/pdf/RDA0000/AOA0000C304.pdf,Ethernet PHY,STD
R36,1,1.5k,1.5k 1% 1/10W 0402,R_0402_1005Metric,Panasonic,ERJ-2RKF1501X,,RES SMD 1.5k OHM 1% 1/10W 0402,https://industrial.panasonic.com/cdbs/www-data/pdf/RDA0000/AOA0000C304.pdf,Ethernet PHY,STD
R37,1,12.1k,12.1k 1% 1/10W 0402,R_0402_1005Metric,Panasonic,ERJ-2RKF1212X,,RES SMD 12.1k OHM 1% 1/10W 0402,https://industrial.panasonic.com/cdbs/www-data/pdf/RDA0000/AOA0000C304.pdf,Ethernet PHY,STD
R38,1,330,330 1% 1/10W 0402,R_0402_1005Metric,Panasonic,ERJ-2RKF3300X,,RES SMD 330 OHM 1% 1/10W 0402,https://industrial.panasonic.com/cdbs/www-data/pdf/RDA0000/AOA0000C304.pdf,Ethernet PHY,STD
R39,1,330,330 1% 1/10W 0402,R_0402_1005Metric,Panasonic,ERJ-2RKF3300X,,RES SMD 330 OHM 1% 1/10W 0402,https://industrial.panasonic.com/cdbs/www-data/pdf/RDA0000/AOA0000C304.pdf,Ethernet PHY,STD
R40,1,4.75k,4.75k 1% 1/10W 0402,R_0402_1005Metric,Panasonic,ERJ-2RKF4751X,,RES SMD 4.75k OHM 1% 1/10W 0402,https://industrial.panasonic.com/cdbs/www-data/pdf/RDA0000/AOA0000C304.pdf,Ethernet PHY,STD
R41,1,4.75k,4.75k 1% 1/10W 0402,R_0402_1005Metric,Panasonic,ERJ-2RKF4751X,,RES SMD 4.75k OHM 1% 1/10W 0402,https://industrial.panasonic.com/cdbs/www-data/pdf/RDA0000/AOA0000C304.pdf,Ethernet PHY,STD
R42,1,49.9,49.9 1% 1/10W 0402,R_0402_1005Metric,Panasonic,ERJ-2RKF49R9X,,RES SMD 49.9 OHM 1% 1/10W 0402,https://industrial.panasonic.com/cdbs/www-data/pdf/RDA0000/AOA0000C304.pdf,Ethernet PHY,STD
R43,1,49.9,49.9 1% 1/10W 0402,R_0402_1005Metric,Panasonic,ERJ-2RKF49R9X,,RES SMD 49.9 OHM 1% 1/10W 0402,https://industrial.panasonic.com/cdbs/www-data/pdf/RDA0000/AOA0000C304.pdf,Ethernet PHY,STD
R44,1,49.9,49.9 1% 1/10W 0402,R_0402_1005Metric,Panasonic,ERJ-2RKF49R9X,,RES SMD 49.9 OHM 1% 1/10W 0402,https://industrial.panasonic.com/cdbs/www-data/pdf/RDA0000/AOA0000C304.pdf,Ethernet PHY,STD
R45,1,49.9,49.9 1% 1/10W 0402,R_0402_1005Metric,Panasonic,ERJ-2RKF49R9X,,RES SMD 49.9 OHM 1% 1/10W 0402,https://industrial.panasonic.com/cdbs/www-data/pdf/RDA0000/AOA0000C304.pdf,Ethernet PHY,STD
R46,1,1.5k,1.5k 1% 1/10W 0402,R_0402_1005Metric,Panasonic,ERJ-2RKF1501X,,RES SMD 1.5k OHM 1% 1/10W 0402,https://industrial.panasonic.com/cdbs/www-data/pdf/RDA0000/AOA0000C304.pdf,STM32,STD
R47,1,33.2k,33.2k 1% 1/10W 0402,R_0402_1005Metric,Panasonic,ERJ-2RKF3322X,,RES SMD 33.2k OHM 1% 1/10W 0402,https://industrial.panasonic.com/cdbs/www-data/pdf/RDA0000/AOA0000C304.pdf,STM32,STD
R48,1,50,50 1% 1/10W 0402,R_0402_1005Metric,Panasonic,ERJ-2RKF50R0X,,RES SMD 50 OHM 1% 1/10W 0402,https://industrial.panasonic.com/cdbs/www-data/pdf/RDA0000/AOA0000C304.pdf,STM32,STD
R49,1,10k,10k 1% 1/10W 0402,R_0402_1005Metric,Panasonic,ERJ-2RKF1002X,,RES SMD 10k OHM 1% 1/10W 0402,https://industrial.panasonic.com/cdbs/www-data/pdf/RDA0000/AOA0000C304.pdf,STM32,STD
R50,1,10k,10k 1% 1/10W 0402,R_0402_1005Metric,Panasonic,ERJ-2RKF1002X,,RES SMD 10k OHM 1% 1/10W 0402,https://industrial.panasonic.com/cdbs/www-data/pdf/RDA0000/AOA0000C304.pdf,STM32,STD
R51,1,10k,10k 1% 1/10W 0402,R_0402_1005Metric,Panasonic,ERJ-2RKF1002X,,RES SMD 10k OHM 1% 1/10W 0402,https://industrial.panasonic.com/cdbs/www-data/pdf/RDA0000/AOA0000C304.pdf,STM32,STD
R52,1,10k,10k 1% 1/10W 0402,R_0402_1005Metric,Panasonic,ERJ-2RKF1002X,,RES SMD 10k OHM 1% 1/10W 0402,https://industrial.panasonic.com/cdbs/www-data/pdf/RDA0000/AOA0000C304.pdf,STM32,STD
R53,1,10k,10k 1% 1/10W 0402,R_0402_1005Metric,Panasonic,ERJ-2RKF1002X,,RES SMD 10k OHM 1% 1/10W 0402,https://industrial.panasonic.com/cdbs/www-data/pdf/RDA0000/AOA0000C304.pdf,STM32,STD
R54,1,10k,10k 1% 1/10W 0402,R_0402_1005Metric,Panasonic,ERJ-2RKF1002X,,RES SMD 10k OHM 1% 1/10W 0402,https://industrial.panasonic.com/cdbs/www-data/pdf/RDA0000/AOA0000C304.pdf,STM32,STD
R55,1,1k,1k 1% 1/10W 0402,R_0402_1005Metric,Panasonic,ERJ-2RKF1001X,,RES SMD 1k OHM 1% 1/10W 0402,https://industrial.panasonic.com/cdbs/www-data/pdf/RDA0000/AOA0000C304.pdf,LED,STD
R56,1,10k,10k 1% 1/10W 0402,R_0402_1005Metric,Panasonic,ERJ-2RKF1002X,,RES SMD 10k OHM 1% 1/10W 0402,https://industrial.panasonic.com/cdbs/www-data/pdf/RDA0000/AOA0000C304.pdf,LED,STD
R57,1,1.5k,1.5k 1% 1/10W 0402,R_0402_1005Metric,Panasonic,ERJ-2RKF1501X,,RES SMD 1.5k OHM 1% 1/10W 0402,https://industrial.panasonic.com/cdbs/www-data/pdf/RDA0000/AOA0000C304.pdf,LED,STD
R58,1,10k,10k 1% 1/10W 0402,R_0402_1005Metric,Panasonic,ERJ-2RKF1002X,,RES SMD 10k OHM 1% 1/10W 0402,https://industrial.panasonic.com/cdbs/www-data/pdf/RDA0000/AOA0000C304.pdf,LED,STD
R59,1,60.4,60.4 1% 1/10W 0402,R_0402_1005Metric,Panasonic,ERJ-2RKF60R4X,,RES SMD 60.4 OHM 1% 1/10W 0402,https://industrial.panasonic.com/cdbs/www-data/pdf/RDA0000/AOA0000C304.pdf,LED,STD
R60,1,174,174 1% 1/10W 0402,R_0402_1005Metric,Panasonic,ERJ-2RKF1740X,,RES SMD 174 OHM 1% 1/10W 0402,https://industrial.panasonic.com/cdbs/www-data/pdf/RDA0000/AOA0000C304.pdf,LED,STD
R61,1,221,221 1% 1/10W 0402,R_0402_1005Metric,Panasonic,ERJ-2RKF2210X,,RES SMD 221 OHM 1% 1/10W 0402,https://industrial.panasonic.com/cdbs/www-data/pdf/RDA0000/AOA0000C304.pdf,LED,STD
R62,1,3.01k,3.01k 1% 1/10W 0402,R_0402_1005Metric,Panasonic,ERJ-2RKF3011X,,RES SMD 3.01k OHM 1% 1/10W 0402,https://industrial.panasonic.com/cdbs/www-data/pdf/RDA0000/AOA0000C304.pdf,LED,STD
R63,1,10k,10k 1% 1/10W 0402,R_0402_1005Metric,Panasonic,ERJ-2RKF1002X,,RES SMD 10k OHM 1% 1/10W 0402,https://industrial.panasonic.com/cdbs/www-data/pdf/RDA0000/AOA0000C304.pdf,LED,STD
R64,1,5.1k,5.1k 1% 1/10W 0402,R_0402_1005Metric,Panasonic,ERJ-2RKF5101X,,RES SMD 5.1k OHM 1% 1/10W 0402,https://industrial.panasonic.com/cdbs/www-data/pdf/RDA0000/AOA0000C304.pdf,Connectors,STD
R65,1,1M,1M 1% 1/10W 0402,R_0402_1005Metric,Panasonic,ERJ-2RKF1004X,,RES SMD 1M OHM 1% 1/10W 0402,https://industrial.panasonic.com/cdbs/www-data/pdf/RDA0000/AOA0000C304.pdf,Connectors,STD
R66,1,5.1k,5.1k 1% 1/10W 0402,R_0402_1005Metric,Panasonic,ERJ-2RKF5101X,,RES SMD 5.1k OHM 1% 1/10W 0402,https://industrial.panasonic.com/cdbs/www-data/pdf/RDA0000/AOA0000C304.pdf,Connectors,STD
R67,1,121k,121k 1% 1/10W 0402,R_0402_1005Metric,Panasonic,ERJ-2RKF1213X,,RES SMD 121k OHM 1% 1/10W 0402,https://industrial.panasonic.com/cdbs/www-data/pdf/RDA0000/AOA0000C304.pdf,Connectors,STD
R68,1,100k,100k 1% 1/10W 0402,R_0402_1005Metric,Panasonic,ERJ-2RKF1003X,,RES SMD 100k OHM 1% 1/10W 0402,https://industrial.panasonic.com/cdbs/www-data/pdf/RDA0000/AOA0000C304.pdf,Connectors,STD
R69,1,100k,100k 1% 1/10W 0402,R_0402_1005Metric,Panasonic,ERJ-2RKF1003X,,RES SMD 100k OHM 1% 1/10W 0402,https://industrial.panasonic.com/cdbs/www-data/pdf/RDA0000/AOA0000C304.pdf,GPS,STD
R70,1,374,374 1% 1/10W 0402,R_0402_1005Metric,Panasonic,ERJ-2RKF3740X,,RES SMD 374 OHM 1% 1/10W 0402,https://industrial.panasonic.com/cdbs/www-data/pdf/RDA0000/AOA0000C304.pdf,GPS,STD
R71,1,33.2k,33.2k 1% 1/10W 0402,R_0402_1005Metric,Panasonic,ERJ-2RKF3322X,,RES SMD 33.2k OHM 1% 1/10W 0402,https://industrial.panasonic.com/cdbs/www-data/pdf/RDA0000/AOA0000C304.pdf,GPS,STD
R72,1,500m,500m shunt - select 0.5% per INA rail (TBD),0805,Ohmite,,,RES 500m OHM 0.5% SENSE 0805 (value TBD per rail),https://www.ohmite.com/assets/images/res-kdv.pdf,GPS,SHUNT-REVIEW
R73,1,2.2k,2.2k 1% 1/10W 0402,R_0402_1005Metric,Panasonic,ERJ-2RKF2201X,,RES SMD 2.2k OHM 1% 1/10W 0402,https://industrial.panasonic.com/cdbs/www-data/pdf/RDA0000/AOA0000C304.pdf,GPS Antenna,STD
R74,1,10k,10k 1% 1/10W 0402,R_0402_1005Metric,Panasonic,ERJ-2RKF1002X,,RES SMD 10k OHM 1% 1/10W 0402,https://industrial.panasonic.com/cdbs/www-data/pdf/RDA0000/AOA0000C304.pdf,GPS Antenna,STD
R75,1,4.7k,4.7k 1% 1/10W 0402,R_0402_1005Metric,Panasonic,ERJ-2RKF4701X,,RES SMD 4.7k OHM 1% 1/10W 0402,https://industrial.panasonic.com/cdbs/www-data/pdf/RDA0000/AOA0000C304.pdf,GPS Antenna,STD
R76,1,220,220 1% 1/10W 0402,R_0402_1005Metric,Panasonic,ERJ-2RKF2200X,,RES SMD 220 OHM 1% 1/10W 0402,https://industrial.panasonic.com/cdbs/www-data/pdf/RDA0000/AOA0000C304.pdf,GPS Antenna,STD
R77,1,3.3 1% 0.25W,Resistor,,,,,Resistor,,GPS Antenna,SPECIAL-KEEP
R78,1,100k,100k 1% 1/10W 0402,R_0402_1005Metric,Panasonic,ERJ-2RKF1003X,,RES SMD 100k OHM 1% 1/10W 0402,https://industrial.panasonic.com/cdbs/www-data/pdf/RDA0000/AOA0000C304.pdf,GPS Antenna,STD
R79,1,10k,10k 1% 1/10W 0402,R_0402_1005Metric,Panasonic,ERJ-2RKF1002X,,RES SMD 10k OHM 1% 1/10W 0402,https://industrial.panasonic.com/cdbs/www-data/pdf/RDA0000/AOA0000C304.pdf,GPS Antenna,STD
R80,1,100k,100k 1% 1/10W 0402,R_0402_1005Metric,Panasonic,ERJ-2RKF1003X,,RES SMD 100k OHM 1% 1/10W 0402,https://industrial.panasonic.com/cdbs/www-data/pdf/RDA0000/AOA0000C304.pdf,GPS Antenna,STD
R81,1,100k,100k 1% 1/10W 0402,R_0402_1005Metric,Panasonic,ERJ-2RKF1003X,,RES SMD 100k OHM 1% 1/10W 0402,https://industrial.panasonic.com/cdbs/www-data/pdf/RDA0000/AOA0000C304.pdf,GPS Antenna,STD
R82,1,100k,100k 1% 1/10W 0402,R_0402_1005Metric,Panasonic,ERJ-2RKF1003X,,RES SMD 100k OHM 1% 1/10W 0402,https://industrial.panasonic.com/cdbs/www-data/pdf/RDA0000/AOA0000C304.pdf,GPS Antenna,STD
R83,1,30k,30k 1% 1/10W 0402,R_0402_1005Metric,Panasonic,ERJ-2RKF3002X,,RES SMD 30k OHM 1% 1/10W 0402,https://industrial.panasonic.com/cdbs/www-data/pdf/RDA0000/AOA0000C304.pdf,GPS Antenna,STD
R84,1,10k,10k 1% 1/10W 0402,R_0402_1005Metric,Panasonic,ERJ-2RKF1002X,,RES SMD 10k OHM 1% 1/10W 0402,https://industrial.panasonic.com/cdbs/www-data/pdf/RDA0000/AOA0000C304.pdf,GPS Antenna,STD
R85,1,100k,100k 1% 1/10W 0402,R_0402_1005Metric,Panasonic,ERJ-2RKF1003X,,RES SMD 100k OHM 1% 1/10W 0402,https://industrial.panasonic.com/cdbs/www-data/pdf/RDA0000/AOA0000C304.pdf,GPS Antenna,STD
R86,1,11k,11k 1% 1/10W 0402,R_0402_1005Metric,Panasonic,ERJ-2RKF1102X,,RES SMD 11k OHM 1% 1/10W 0402,https://industrial.panasonic.com/cdbs/www-data/pdf/RDA0000/AOA0000C304.pdf,GPS Antenna,STD
R87,1,10k,10k 1% 1/10W 0402,R_0402_1005Metric,Panasonic,ERJ-2RKF1002X,,RES SMD 10k OHM 1% 1/10W 0402,https://industrial.panasonic.com/cdbs/www-data/pdf/RDA0000/AOA0000C304.pdf,GPS Antenna,STD
R88,1,10k,10k 1% 1/10W 0402,R_0402_1005Metric,Panasonic,ERJ-2RKF1002X,,RES SMD 10k OHM 1% 1/10W 0402,https://industrial.panasonic.com/cdbs/www-data/pdf/RDA0000/AOA0000C304.pdf,GPS Antenna,STD
R89,1,100m,100m shunt - select 0.5% per INA rail (TBD),0805,Ohmite,,,RES 100m OHM 0.5% SENSE 0805 (value TBD per rail),https://www.ohmite.com/assets/images/res-kdv.pdf,GPS Antenna,SHUNT-REVIEW
R90,1,200k,200k 1% 1/10W 0402,R_0402_1005Metric,Panasonic,ERJ-2RKF2003X,,RES SMD 200k OHM 1% 1/10W 0402,https://industrial.panasonic.com/cdbs/www-data/pdf/RDA0000/AOA0000C304.pdf,5V/3.3V Main Power Supply,STD
R91,1,100k,100k 1% 1/10W 0402,R_0402_1005Metric,Panasonic,ERJ-2RKF1003X,,RES SMD 100k OHM 1% 1/10W 0402,https://industrial.panasonic.com/cdbs/www-data/pdf/RDA0000/AOA0000C304.pdf,5V/3.3V Main Power Supply,STD
R92,1,10k,10k 1% 1/10W 0402,R_0402_1005Metric,Panasonic,ERJ-2RKF1002X,,RES SMD 10k OHM 1% 1/10W 0402,https://industrial.panasonic.com/cdbs/www-data/pdf/RDA0000/AOA0000C304.pdf,5V/3.3V Main Power Supply,STD
R93,1,2.21k,2.21k 1% 1/10W 0402,R_0402_1005Metric,Panasonic,ERJ-2RKF2211X,,RES SMD 2.21k OHM 1% 1/10W 0402,https://industrial.panasonic.com/cdbs/www-data/pdf/RDA0000/AOA0000C304.pdf,5V/3.3V Main Power Supply,STD
R94,1,6.81k,6.81k 1% 1/10W 0402,R_0402_1005Metric,Panasonic,ERJ-2RKF6811X,,RES SMD 6.81k OHM 1% 1/10W 0402,https://industrial.panasonic.com/cdbs/www-data/pdf/RDA0000/AOA0000C304.pdf,5V/3.3V Main Power Supply,STD
R95,1,10k,10k 1% 1/10W 0402,R_0402_1005Metric,Panasonic,ERJ-2RKF1002X,,RES SMD 10k OHM 1% 1/10W 0402,https://industrial.panasonic.com/cdbs/www-data/pdf/RDA0000/AOA0000C304.pdf,5V/3.3V Main Power Supply,STD
R96,1,24.9k,24.9k 1% 1/10W 0402,R_0402_1005Metric,Panasonic,ERJ-2RKF2492X,,RES SMD 24.9k OHM 1% 1/10W 0402,https://industrial.panasonic.com/cdbs/www-data/pdf/RDA0000/AOA0000C304.pdf,5V/3.3V Main Power Supply,STD
R97,1,15k,15k 1% 1/10W 0402,R_0402_1005Metric,Panasonic,ERJ-2RKF1502X,,RES SMD 15k OHM 1% 1/10W 0402,https://industrial.panasonic.com/cdbs/www-data/pdf/RDA0000/AOA0000C304.pdf,5V/3.3V Main Power Supply,STD
R98,1,2.05k,2.05k 1% 1/10W 0402,R_0402_1005Metric,Panasonic,ERJ-2RKF2051X,,RES SMD 2.05k OHM 1% 1/10W 0402,https://industrial.panasonic.com/cdbs/www-data/pdf/RDA0000/AOA0000C304.pdf,5V/3.3V Main Power Supply,STD
R99,1,10k,10k 1% 1/10W 0402,R_0402_1005Metric,Panasonic,ERJ-2RKF1002X,,RES SMD 10k OHM 1% 1/10W 0402,https://industrial.panasonic.com/cdbs/www-data/pdf/RDA0000/AOA0000C304.pdf,5V/3.3V Main Power Supply,STD
R100,1,2.2k,2.2k 1% 1/10W 0402,R_0402_1005Metric,Panasonic,ERJ-2RKF2201X,,RES SMD 2.2k OHM 1% 1/10W 0402,https://industrial.panasonic.com/cdbs/www-data/pdf/RDA0000/AOA0000C304.pdf,5V/3.3V Main Power Supply,STD
R101,1,2.2,2.2 1% 1/10W 0402,R_0402_1005Metric,Panasonic,ERJ-2RKF2R20X,,RES SMD 2.2 OHM 1% 1/10W 0402,https://industrial.panasonic.com/cdbs/www-data/pdf/RDA0000/AOA0000C304.pdf,5V/3.3V Main Power Supply,STD
R102,1,75m,75m shunt - select 0.5% per INA rail (TBD),0805,Ohmite,,,RES 75m OHM 0.5% SENSE 0805 (value TBD per rail),https://www.ohmite.com/assets/images/res-kdv.pdf,5V/3.3V Main Power Supply,SHUNT-REVIEW
R103,1,2.2,2.2 1% 1/10W 0402,R_0402_1005Metric,Panasonic,ERJ-2RKF2R20X,,RES SMD 2.2 OHM 1% 1/10W 0402,https://industrial.panasonic.com/cdbs/www-data/pdf/RDA0000/AOA0000C304.pdf,5V/3.3V Main Power Supply,STD
R104,1,10k,10k 1% 1/10W 0402,R_0402_1005Metric,Panasonic,ERJ-2RKF1002X,,RES SMD 10k OHM 1% 1/10W 0402,https://industrial.panasonic.com/cdbs/www-data/pdf/RDA0000/AOA0000C304.pdf,5V/3.3V Main Power Supply,STD
R105,1,10k,10k 1% 1/10W 0402,R_0402_1005Metric,Panasonic,ERJ-2RKF1002X,,RES SMD 10k OHM 1% 1/10W 0402,https://industrial.panasonic.com/cdbs/www-data/pdf/RDA0000/AOA0000C304.pdf,5V/3.3V Main Power Supply,STD
R106,1,500m,500m shunt - select 0.5% per INA rail (TBD),0805,Ohmite,,,RES 500m OHM 0.5% SENSE 0805 (value TBD per rail),https://www.ohmite.com/assets/images/res-kdv.pdf,5V/3.3V Main Power Supply,SHUNT-REVIEW
R107,1,100m,100m shunt - select 0.5% per INA rail (TBD),0805,Ohmite,,,RES 100m OHM 0.5% SENSE 0805 (value TBD per rail),https://www.ohmite.com/assets/images/res-kdv.pdf,5V/3.3V Main Power Supply,SHUNT-REVIEW
R108,1,100k,100k 1% 1/10W 0402,R_0402_1005Metric,Panasonic,ERJ-2RKF1003X,,RES SMD 100k OHM 1% 1/10W 0402,https://industrial.panasonic.com/cdbs/www-data/pdf/RDA0000/AOA0000C304.pdf,Battery Backup Supplies,STD
R109,1,100k,100k 1% 1/10W 0402,R_0402_1005Metric,Panasonic,ERJ-2RKF1003X,,RES SMD 100k OHM 1% 1/10W 0402,https://industrial.panasonic.com/cdbs/www-data/pdf/RDA0000/AOA0000C304.pdf,Battery Backup Supplies,STD
R110,1,100k,100k 1% 1/10W 0402,R_0402_1005Metric,Panasonic,ERJ-2RKF1003X,,RES SMD 100k OHM 1% 1/10W 0402,https://industrial.panasonic.com/cdbs/www-data/pdf/RDA0000/AOA0000C304.pdf,Battery Backup Supplies,STD
R111,1,100k,100k 1% 1/10W 0402,R_0402_1005Metric,Panasonic,ERJ-2RKF1003X,,RES SMD 100k OHM 1% 1/10W 0402,https://industrial.panasonic.com/cdbs/www-data/pdf/RDA0000/AOA0000C304.pdf,Battery Backup Supplies,STD
R112,1,6.65k,6.65k 1% 1/10W 0402,R_0402_1005Metric,Panasonic,ERJ-2RKF6651X,,RES SMD 6.65k OHM 1% 1/10W 0402,https://industrial.panasonic.com/cdbs/www-data/pdf/RDA0000/AOA0000C304.pdf,Battery Backup Supplies,STD
R113,1,6.65k,6.65k 1% 1/10W 0402,R_0402_1005Metric,Panasonic,ERJ-2RKF6651X,,RES SMD 6.65k OHM 1% 1/10W 0402,https://industrial.panasonic.com/cdbs/www-data/pdf/RDA0000/AOA0000C304.pdf,Battery Backup Supplies,STD
R114,1,9.53k,9.53k 1% 1/10W 0402,R_0402_1005Metric,Panasonic,ERJ-2RKF9531X,,RES SMD 9.53k OHM 1% 1/10W 0402,https://industrial.panasonic.com/cdbs/www-data/pdf/RDA0000/AOA0000C304.pdf,Battery Backup Supplies,STD
R115,1,9.53k,9.53k 1% 1/10W 0402,R_0402_1005Metric,Panasonic,ERJ-2RKF9531X,,RES SMD 9.53k OHM 1% 1/10W 0402,https://industrial.panasonic.com/cdbs/www-data/pdf/RDA0000/AOA0000C304.pdf,Battery Backup Supplies,STD
R116,1,3.09k,3.09k 1% 1/10W 0402,R_0402_1005Metric,Panasonic,ERJ-2RKF3091X,,RES SMD 3.09k OHM 1% 1/10W 0402,https://industrial.panasonic.com/cdbs/www-data/pdf/RDA0000/AOA0000C304.pdf,Battery Backup Supplies,STD
R117,1,3.09k,3.09k 1% 1/10W 0402,R_0402_1005Metric,Panasonic,ERJ-2RKF3091X,,RES SMD 3.09k OHM 1% 1/10W 0402,https://industrial.panasonic.com/cdbs/www-data/pdf/RDA0000/AOA0000C304.pdf,Battery Backup Supplies,STD
R118,1,100k,100k 1% 1/10W 0402,R_0402_1005Metric,Panasonic,ERJ-2RKF1003X,,RES SMD 100k OHM 1% 1/10W 0402,https://industrial.panasonic.com/cdbs/www-data/pdf/RDA0000/AOA0000C304.pdf,OCXO,STD
R119,1,100k,100k 1% 1/10W 0402,R_0402_1005Metric,Panasonic,ERJ-2RKF1003X,,RES SMD 100k OHM 1% 1/10W 0402,https://industrial.panasonic.com/cdbs/www-data/pdf/RDA0000/AOA0000C304.pdf,OCXO,STD
R120,1,100k,100k 1% 1/10W 0402,R_0402_1005Metric,Panasonic,ERJ-2RKF1003X,,RES SMD 100k OHM 1% 1/10W 0402,https://industrial.panasonic.com/cdbs/www-data/pdf/RDA0000/AOA0000C304.pdf,OCXO,STD
R121,1,10M,10M 1% 1/10W 0402,R_0402_1005Metric,Panasonic,ERJ-2RKF1005X,,RES SMD 10M OHM 1% 1/10W 0402,https://industrial.panasonic.com/cdbs/www-data/pdf/RDA0000/AOA0000C304.pdf,OCXO,STD
R122,1,1k,1k 1% 1/10W 0402,R_0402_1005Metric,Panasonic,ERJ-2RKF1001X,,RES SMD 1k OHM 1% 1/10W 0402,https://industrial.panasonic.com/cdbs/www-data/pdf/RDA0000/AOA0000C304.pdf,OCXO,STD
R123,1,22,22 1% 1/10W 0402,R_0402_1005Metric,Panasonic,ERJ-2RKF22R0X,,RES SMD 22 OHM 1% 1/10W 0402,https://industrial.panasonic.com/cdbs/www-data/pdf/RDA0000/AOA0000C304.pdf,OCXO,STD
R124,1,10k,10k 1% 1/10W 0402,R_0402_1005Metric,Panasonic,ERJ-2RKF1002X,,RES SMD 10k OHM 1% 1/10W 0402,https://industrial.panasonic.com/cdbs/www-data/pdf/RDA0000/AOA0000C304.pdf,OCXO,STD
R125,1,6.81k,6.81k 1% 1/10W 0402,R_0402_1005Metric,Panasonic,ERJ-2RKF6811X,,RES SMD 6.81k OHM 1% 1/10W 0402,https://industrial.panasonic.com/cdbs/www-data/pdf/RDA0000/AOA0000C304.pdf,OCXO,STD
R126,1,25m,25m shunt - select 0.5% per INA rail (TBD),0805,Ohmite,,,RES 25m OHM 0.5% SENSE 0805 (value TBD per rail),https://www.ohmite.com/assets/images/res-kdv.pdf,OCXO,SHUNT-REVIEW
R127,1,12.4k,12.4k 1% 1/10W 0402,R_0402_1005Metric,Panasonic,ERJ-2RKF1242X,,RES SMD 12.4k OHM 1% 1/10W 0402,https://industrial.panasonic.com/cdbs/www-data/pdf/RDA0000/AOA0000C304.pdf,OCXO,STD
R128,1,2.4k,2.4k 1% 1/10W 0402,R_0402_1005Metric,Panasonic,ERJ-2RKF2401X,,RES SMD 2.4k OHM 1% 1/10W 0402,https://industrial.panasonic.com/cdbs/www-data/pdf/RDA0000/AOA0000C304.pdf,OCXO,STD
R129,1,12.1k,RES 12.1 KOHMS 0.1% 0.15W 0603,0603,TE Connectivity Passive Product,RQ73C1J12K1BTD,A140146CT-ND,RES 12.1 KOHMS 0.1% 0.15W 0603,https://www.te.com/commerce/DocumentDelivery/DDEController?Action=srchrtrv&DocNm=1773270-2&DocType=Data%20Sheet&DocLang=English&DocFormat=pdf&PartCntxt=9-2176390-1,OCXO,SPECIAL-KEEP
R130,1,3.83k,RES 3.83 KOHMS 0.1% 0.15W 0603,0603,TE Connectivity Passive Product,RQ73C1J3K83BTD,A140873CT-ND,RES 3.83 KOHMS 0.1% 0.15W 0603,https://www.te.com/commerce/DocumentDelivery/DDEController?Action=srchrtrv&DocNm=1773270-2&DocType=Data%20Sheet&DocLang=English&DocFormat=pdf&PartCntxt=9-2176390-1,OCXO,SPECIAL-KEEP
R131,1,10k,10k 1% 1/10W 0402,R_0402_1005Metric,Panasonic,ERJ-2RKF1002X,,RES SMD 10k OHM 1% 1/10W 0402,https://industrial.panasonic.com/cdbs/www-data/pdf/RDA0000/AOA0000C304.pdf,OCXO,STD
R132,1,200k,200k 1% 1/10W 0402,R_0402_1005Metric,Panasonic,ERJ-2RKF2003X,,RES SMD 200k OHM 1% 1/10W 0402,https://industrial.panasonic.com/cdbs/www-data/pdf/RDA0000/AOA0000C304.pdf,Rb Power,STD
R133,1,100k,100k 1% 1/10W 0402,R_0402_1005Metric,Panasonic,ERJ-2RKF1003X,,RES SMD 100k OHM 1% 1/10W 0402,https://industrial.panasonic.com/cdbs/www-data/pdf/RDA0000/AOA0000C304.pdf,Rb Power,STD
R134,1,4.12k,4.12k 1% 1/10W 0402,R_0402_1005Metric,Panasonic,ERJ-2RKF4121X,,RES SMD 4.12k OHM 1% 1/10W 0402,https://industrial.panasonic.com/cdbs/www-data/pdf/RDA0000/AOA0000C304.pdf,Rb Power,STD
R135,1,10k,10k 1% 1/10W 0402,R_0402_1005Metric,Panasonic,ERJ-2RKF1002X,,RES SMD 10k OHM 1% 1/10W 0402,https://industrial.panasonic.com/cdbs/www-data/pdf/RDA0000/AOA0000C304.pdf,Rb Power,STD
R136,1,10.5k,10.5k 1% 1/10W 0402,R_0402_1005Metric,Panasonic,ERJ-2RKF1052X,,RES SMD 10.5k OHM 1% 1/10W 0402,https://industrial.panasonic.com/cdbs/www-data/pdf/RDA0000/AOA0000C304.pdf,Rb Power,STD
R137,1,10k,10k 1% 1/10W 0402,R_0402_1005Metric,Panasonic,ERJ-2RKF1002X,,RES SMD 10k OHM 1% 1/10W 0402,https://industrial.panasonic.com/cdbs/www-data/pdf/RDA0000/AOA0000C304.pdf,Rb Power,STD
R138,1,120k,120k 1% 1/10W 0402,R_0402_1005Metric,Panasonic,ERJ-2RKF1203X,,RES SMD 120k OHM 1% 1/10W 0402,https://industrial.panasonic.com/cdbs/www-data/pdf/RDA0000/AOA0000C304.pdf,Rb Power,STD
R139,1,10k,10k 1% 1/10W 0402,R_0402_1005Metric,Panasonic,ERJ-2RKF1002X,,RES SMD 10k OHM 1% 1/10W 0402,https://industrial.panasonic.com/cdbs/www-data/pdf/RDA0000/AOA0000C304.pdf,Rb Power,STD
R140,1,2.21k,2.21k 1% 1/10W 0402,R_0402_1005Metric,Panasonic,ERJ-2RKF2211X,,RES SMD 2.21k OHM 1% 1/10W 0402,https://industrial.panasonic.com/cdbs/www-data/pdf/RDA0000/AOA0000C304.pdf,Rb Power,STD
R141,1,1M,1M 1% 1/10W 0402,R_0402_1005Metric,Panasonic,ERJ-2RKF1004X,,RES SMD 1M OHM 1% 1/10W 0402,https://industrial.panasonic.com/cdbs/www-data/pdf/RDA0000/AOA0000C304.pdf,Rb Power,STD
R142,1,47k,47k 1% 1/10W 0402,R_0402_1005Metric,Panasonic,ERJ-2RKF4702X,,RES SMD 47k OHM 1% 1/10W 0402,https://industrial.panasonic.com/cdbs/www-data/pdf/RDA0000/AOA0000C304.pdf,Rb Power,STD
R143,1,10k,10k 1% 1/10W 0402,R_0402_1005Metric,Panasonic,ERJ-2RKF1002X,,RES SMD 10k OHM 1% 1/10W 0402,https://industrial.panasonic.com/cdbs/www-data/pdf/RDA0000/AOA0000C304.pdf,Rb Power,STD
R144,1,10.7k,10.7k 1% 1/10W 0402,R_0402_1005Metric,Panasonic,ERJ-2RKF1072X,,RES SMD 10.7k OHM 1% 1/10W 0402,https://industrial.panasonic.com/cdbs/www-data/pdf/RDA0000/AOA0000C304.pdf,Rb Power,STD
R145,1,10k,10k 1% 1/10W 0402,R_0402_1005Metric,Panasonic,ERJ-2RKF1002X,,RES SMD 10k OHM 1% 1/10W 0402,https://industrial.panasonic.com/cdbs/www-data/pdf/RDA0000/AOA0000C304.pdf,Rb Power,STD
R146,1,100k,100k 1% 1/10W 0402,R_0402_1005Metric,Panasonic,ERJ-2RKF1003X,,RES SMD 100k OHM 1% 1/10W 0402,https://industrial.panasonic.com/cdbs/www-data/pdf/RDA0000/AOA0000C304.pdf,Rb Power,STD
R147,1,20k,20k 1% 1/10W 0402,R_0402_1005Metric,Panasonic,ERJ-2RKF2002X,,RES SMD 20k OHM 1% 1/10W 0402,https://industrial.panasonic.com/cdbs/www-data/pdf/RDA0000/AOA0000C304.pdf,Rb Power,STD
R148,1,576,576 1% 1/10W 0402,R_0402_1005Metric,Panasonic,ERJ-2RKF5760X,,RES SMD 576 OHM 1% 1/10W 0402,https://industrial.panasonic.com/cdbs/www-data/pdf/RDA0000/AOA0000C304.pdf,Rb Power,STD
R149,1,10k,10k 1% 1/10W 0402,R_0402_1005Metric,Panasonic,ERJ-2RKF1002X,,RES SMD 10k OHM 1% 1/10W 0402,https://industrial.panasonic.com/cdbs/www-data/pdf/RDA0000/AOA0000C304.pdf,Rb Power,STD
R150,1,10k,10k 1% 1/10W 0402,R_0402_1005Metric,Panasonic,ERJ-2RKF1002X,,RES SMD 10k OHM 1% 1/10W 0402,https://industrial.panasonic.com/cdbs/www-data/pdf/RDA0000/AOA0000C304.pdf,Rb Power,STD
R151,1,4.7k,4.7k 1% 1/10W 0402,R_0402_1005Metric,Panasonic,ERJ-2RKF4701X,,RES SMD 4.7k OHM 1% 1/10W 0402,https://industrial.panasonic.com/cdbs/www-data/pdf/RDA0000/AOA0000C304.pdf,Rb Power,STD
R152,1,100k,100k 1% 1/10W 0402,R_0402_1005Metric,Panasonic,ERJ-2RKF1003X,,RES SMD 100k OHM 1% 1/10W 0402,https://industrial.panasonic.com/cdbs/www-data/pdf/RDA0000/AOA0000C304.pdf,Rb Power,STD
R153,1,18k,18k 1% 1/10W 0402,R_0402_1005Metric,Panasonic,ERJ-2RKF1802X,,RES SMD 18k OHM 1% 1/10W 0402,https://industrial.panasonic.com/cdbs/www-data/pdf/RDA0000/AOA0000C304.pdf,Rb Power,STD
R154,1,33k,33k 1% 1/10W 0402,R_0402_1005Metric,Panasonic,ERJ-2RKF3302X,,RES SMD 33k OHM 1% 1/10W 0402,https://industrial.panasonic.com/cdbs/www-data/pdf/RDA0000/AOA0000C304.pdf,Rb Power,STD
R155,1,10k,10k 1% 1/10W 0402,R_0402_1005Metric,Panasonic,ERJ-2RKF1002X,,RES SMD 10k OHM 1% 1/10W 0402,https://industrial.panasonic.com/cdbs/www-data/pdf/RDA0000/AOA0000C304.pdf,Rb Power,STD
R156,1,4.7k,4.7k 1% 1/10W 0402,R_0402_1005Metric,Panasonic,ERJ-2RKF4701X,,RES SMD 4.7k OHM 1% 1/10W 0402,https://industrial.panasonic.com/cdbs/www-data/pdf/RDA0000/AOA0000C304.pdf,Rb Power,STD
R157,1,10k,10k 1% 1/10W 0402,R_0402_1005Metric,Panasonic,ERJ-2RKF1002X,,RES SMD 10k OHM 1% 1/10W 0402,https://industrial.panasonic.com/cdbs/www-data/pdf/RDA0000/AOA0000C304.pdf,Rb Power,STD
R158,1,10k,10k 1% 1/10W 0402,R_0402_1005Metric,Panasonic,ERJ-2RKF1002X,,RES SMD 10k OHM 1% 1/10W 0402,https://industrial.panasonic.com/cdbs/www-data/pdf/RDA0000/AOA0000C304.pdf,Rb Power,STD
R159,1,20m,20m shunt - select 0.5% per INA rail (TBD),0805,Ohmite,,,RES 20m OHM 0.5% SENSE 0805 (value TBD per rail),https://www.ohmite.com/assets/images/res-kdv.pdf,Rb Power,SHUNT-REVIEW
R160,1,10k,10k 1% 1/10W 0402,R_0402_1005Metric,Panasonic,ERJ-2RKF1002X,,RES SMD 10k OHM 1% 1/10W 0402,https://industrial.panasonic.com/cdbs/www-data/pdf/RDA0000/AOA0000C304.pdf,Rb Power,STD
R161,1,10k,10k 1% 1/10W 0402,R_0402_1005Metric,Panasonic,ERJ-2RKF1002X,,RES SMD 10k OHM 1% 1/10W 0402,https://industrial.panasonic.com/cdbs/www-data/pdf/RDA0000/AOA0000C304.pdf,Rb Power,STD
R162,1,2.2,2.2 1% 1/10W 0402,R_0402_1005Metric,Panasonic,ERJ-2RKF2R20X,,RES SMD 2.2 OHM 1% 1/10W 0402,https://industrial.panasonic.com/cdbs/www-data/pdf/RDA0000/AOA0000C304.pdf,Rb Power,STD
R163,1,2.2,2.2 1% 1/10W 0402,R_0402_1005Metric,Panasonic,ERJ-2RKF2R20X,,RES SMD 2.2 OHM 1% 1/10W 0402,https://industrial.panasonic.com/cdbs/www-data/pdf/RDA0000/AOA0000C304.pdf,Rb Power,STD
R164,1,100k,100k 1% 1/10W 0402,R_0402_1005Metric,Panasonic,ERJ-2RKF1003X,,RES SMD 100k OHM 1% 1/10W 0402,https://industrial.panasonic.com/cdbs/www-data/pdf/RDA0000/AOA0000C304.pdf,Rb IO,STD
R165,1,51,51 1% 1/10W 0402,R_0402_1005Metric,Panasonic,ERJ-2RKF51R0X,,RES SMD 51 OHM 1% 1/10W 0402,https://industrial.panasonic.com/cdbs/www-data/pdf/RDA0000/AOA0000C304.pdf,Rb IO,STD
R166,1,51,51 1% 1/10W 0402,R_0402_1005Metric,Panasonic,ERJ-2RKF51R0X,,RES SMD 51 OHM 1% 1/10W 0402,https://industrial.panasonic.com/cdbs/www-data/pdf/RDA0000/AOA0000C304.pdf,Rb IO,STD
R167,1,220,220 1% 1/10W 0402,R_0402_1005Metric,Panasonic,ERJ-2RKF2200X,,RES SMD 220 OHM 1% 1/10W 0402,https://industrial.panasonic.com/cdbs/www-data/pdf/RDA0000/AOA0000C304.pdf,Rb IO,STD
R168,1,10k,10k 1% 1/10W 0402,R_0402_1005Metric,Panasonic,ERJ-2RKF1002X,,RES SMD 10k OHM 1% 1/10W 0402,https://industrial.panasonic.com/cdbs/www-data/pdf/RDA0000/AOA0000C304.pdf,Rb IO,STD
R169,1,10k,10k 1% 1/10W 0402,R_0402_1005Metric,Panasonic,ERJ-2RKF1002X,,RES SMD 10k OHM 1% 1/10W 0402,https://industrial.panasonic.com/cdbs/www-data/pdf/RDA0000/AOA0000C304.pdf,Rb IO,STD
R170,1,470,470 1% 1/10W 0402,R_0402_1005Metric,Panasonic,ERJ-2RKF4700X,,RES SMD 470 OHM 1% 1/10W 0402,https://industrial.panasonic.com/cdbs/www-data/pdf/RDA0000/AOA0000C304.pdf,Rb IO,STD
R171,1,4.7k,4.7k 1% 1/10W 0402,R_0402_1005Metric,Panasonic,ERJ-2RKF4701X,,RES SMD 4.7k OHM 1% 1/10W 0402,https://industrial.panasonic.com/cdbs/www-data/pdf/RDA0000/AOA0000C304.pdf,Rb IO,STD
R172,1,470,470 1% 1/10W 0402,R_0402_1005Metric,Panasonic,ERJ-2RKF4700X,,RES SMD 470 OHM 1% 1/10W 0402,https://industrial.panasonic.com/cdbs/www-data/pdf/RDA0000/AOA0000C304.pdf,Rb IO,STD
R173,1,22k,22k 1% 1/10W 0402,R_0402_1005Metric,Panasonic,ERJ-2RKF2202X,,RES SMD 22k OHM 1% 1/10W 0402,https://industrial.panasonic.com/cdbs/www-data/pdf/RDA0000/AOA0000C304.pdf,Rb IO,STD
R174,1,47k,47k 1% 1/10W 0402,R_0402_1005Metric,Panasonic,ERJ-2RKF4702X,,RES SMD 47k OHM 1% 1/10W 0402,https://industrial.panasonic.com/cdbs/www-data/pdf/RDA0000/AOA0000C304.pdf,Refrence Clock Input,STD
R175,1,47k,47k 1% 1/10W 0402,R_0402_1005Metric,Panasonic,ERJ-2RKF4702X,,RES SMD 47k OHM 1% 1/10W 0402,https://industrial.panasonic.com/cdbs/www-data/pdf/RDA0000/AOA0000C304.pdf,Refrence Clock Input,STD
R176,1,100k,100k 1% 1/10W 0402,R_0402_1005Metric,Panasonic,ERJ-2RKF1003X,,RES SMD 100k OHM 1% 1/10W 0402,https://industrial.panasonic.com/cdbs/www-data/pdf/RDA0000/AOA0000C304.pdf,Refrence Clock Input,STD
R177,1,49.9,49.9 1% 1/10W 0402,R_0402_1005Metric,Panasonic,ERJ-2RKF49R9X,,RES SMD 49.9 OHM 1% 1/10W 0402,https://industrial.panasonic.com/cdbs/www-data/pdf/RDA0000/AOA0000C304.pdf,Refrence Clock Input,STD
R178,1,100,100 1% 1/10W 0402,R_0402_1005Metric,Panasonic,ERJ-2RKF1000X,,RES SMD 100 OHM 1% 1/10W 0402,https://industrial.panasonic.com/cdbs/www-data/pdf/RDA0000/AOA0000C304.pdf,Refrence Clock Input,STD
R179,1,10k,10k 1% 1/10W 0402,R_0402_1005Metric,Panasonic,ERJ-2RKF1002X,,RES SMD 10k OHM 1% 1/10W 0402,https://industrial.panasonic.com/cdbs/www-data/pdf/RDA0000/AOA0000C304.pdf,Refrence Clock Input,STD
R180,1,10k,10k 1% 1/10W 0402,R_0402_1005Metric,Panasonic,ERJ-2RKF1002X,,RES SMD 10k OHM 1% 1/10W 0402,https://industrial.panasonic.com/cdbs/www-data/pdf/RDA0000/AOA0000C304.pdf,Refrence Clock Input,STD
R181,1,1k,1k 1% 1/10W 0402,R_0402_1005Metric,Panasonic,ERJ-2RKF1001X,,RES SMD 1k OHM 1% 1/10W 0402,https://industrial.panasonic.com/cdbs/www-data/pdf/RDA0000/AOA0000C304.pdf,Refrence Clock Input,STD
R182,1,100k,100k 1% 1/10W 0402,R_0402_1005Metric,Panasonic,ERJ-2RKF1003X,,RES SMD 100k OHM 1% 1/10W 0402,https://industrial.panasonic.com/cdbs/www-data/pdf/RDA0000/AOA0000C304.pdf,Refrence Clock Input,STD
R183,1,33,33 1% 1/10W 0402,R_0402_1005Metric,Panasonic,ERJ-2RKF33R0X,,RES SMD 33 OHM 1% 1/10W 0402,https://industrial.panasonic.com/cdbs/www-data/pdf/RDA0000/AOA0000C304.pdf,Refrence Clock Input,STD
R184,1,33,33 1% 1/10W 0402,R_0402_1005Metric,Panasonic,ERJ-2RKF33R0X,,RES SMD 33 OHM 1% 1/10W 0402,https://industrial.panasonic.com/cdbs/www-data/pdf/RDA0000/AOA0000C304.pdf,Refrence Clock Input,STD
R185,1,1.5k,1.5k 1% 1/10W 0402,R_0402_1005Metric,Panasonic,ERJ-2RKF1501X,,RES SMD 1.5k OHM 1% 1/10W 0402,https://industrial.panasonic.com/cdbs/www-data/pdf/RDA0000/AOA0000C304.pdf,Refrence Clock Input,STD
R186,1,30.1k,30.1k 1% 1/10W 0402,R_0402_1005Metric,Panasonic,ERJ-2RKF3012X,,RES SMD 30.1k OHM 1% 1/10W 0402,https://industrial.panasonic.com/cdbs/www-data/pdf/RDA0000/AOA0000C304.pdf,Refrence Clock Input,STD
R187,1,22,22 1% 1/10W 0402,R_0402_1005Metric,Panasonic,ERJ-2RKF22R0X,,RES SMD 22 OHM 1% 1/10W 0402,https://industrial.panasonic.com/cdbs/www-data/pdf/RDA0000/AOA0000C304.pdf,Clock MUX,STD
R188,1,100k,100k 1% 1/10W 0402,R_0402_1005Metric,Panasonic,ERJ-2RKF1003X,,RES SMD 100k OHM 1% 1/10W 0402,https://industrial.panasonic.com/cdbs/www-data/pdf/RDA0000/AOA0000C304.pdf,Clock MUX,STD
R189,1,22,22 1% 1/10W 0402,R_0402_1005Metric,Panasonic,ERJ-2RKF22R0X,,RES SMD 22 OHM 1% 1/10W 0402,https://industrial.panasonic.com/cdbs/www-data/pdf/RDA0000/AOA0000C304.pdf,Clock MUX,STD
R190,1,10k,10k 1% 1/10W 0402,R_0402_1005Metric,Panasonic,ERJ-2RKF1002X,,RES SMD 10k OHM 1% 1/10W 0402,https://industrial.panasonic.com/cdbs/www-data/pdf/RDA0000/AOA0000C304.pdf,I2C GPIO,STD
R191,1,10k,10k 1% 1/10W 0402,R_0402_1005Metric,Panasonic,ERJ-2RKF1002X,,RES SMD 10k OHM 1% 1/10W 0402,https://industrial.panasonic.com/cdbs/www-data/pdf/RDA0000/AOA0000C304.pdf,I2C GPIO,STD
R192,1,10k,10k 1% 1/10W 0402,R_0402_1005Metric,Panasonic,ERJ-2RKF1002X,,RES SMD 10k OHM 1% 1/10W 0402,https://industrial.panasonic.com/cdbs/www-data/pdf/RDA0000/AOA0000C304.pdf,I2C GPIO,STD
R193,1,10k,10k 1% 1/10W 0402,R_0402_1005Metric,Panasonic,ERJ-2RKF1002X,,RES SMD 10k OHM 1% 1/10W 0402,https://industrial.panasonic.com/cdbs/www-data/pdf/RDA0000/AOA0000C304.pdf,I2C GPIO,STD
R194,1,10k,10k 1% 1/10W 0402,R_0402_1005Metric,Panasonic,ERJ-2RKF1002X,,RES SMD 10k OHM 1% 1/10W 0402,https://industrial.panasonic.com/cdbs/www-data/pdf/RDA0000/AOA0000C304.pdf,I2C GPIO,STD
R195,1,10k,10k 1% 1/10W 0402,R_0402_1005Metric,Panasonic,ERJ-2RKF1002X,,RES SMD 10k OHM 1% 1/10W 0402,https://industrial.panasonic.com/cdbs/www-data/pdf/RDA0000/AOA0000C304.pdf,I2C GPIO,STD
R196,1,10k,10k 1% 1/10W 0402,R_0402_1005Metric,Panasonic,ERJ-2RKF1002X,,RES SMD 10k OHM 1% 1/10W 0402,https://industrial.panasonic.com/cdbs/www-data/pdf/RDA0000/AOA0000C304.pdf,I2C GPIO,STD
R197,1,10k,10k 1% 1/10W 0402,R_0402_1005Metric,Panasonic,ERJ-2RKF1002X,,RES SMD 10k OHM 1% 1/10W 0402,https://industrial.panasonic.com/cdbs/www-data/pdf/RDA0000/AOA0000C304.pdf,I2C GPIO,STD
R198,1,10k,10k 1% 1/10W 0402,R_0402_1005Metric,Panasonic,ERJ-2RKF1002X,,RES SMD 10k OHM 1% 1/10W 0402,https://industrial.panasonic.com/cdbs/www-data/pdf/RDA0000/AOA0000C304.pdf,I2C GPIO,STD
R199,1,10k,10k 1% 1/10W 0402,R_0402_1005Metric,Panasonic,ERJ-2RKF1002X,,RES SMD 10k OHM 1% 1/10W 0402,https://industrial.panasonic.com/cdbs/www-data/pdf/RDA0000/AOA0000C304.pdf,I2C GPIO,STD
R200,1,10k,10k 1% 1/10W 0402,R_0402_1005Metric,Panasonic,ERJ-2RKF1002X,,RES SMD 10k OHM 1% 1/10W 0402,https://industrial.panasonic.com/cdbs/www-data/pdf/RDA0000/AOA0000C304.pdf,I2C GPIO,STD
R201,1,10k,10k 1% 1/10W 0402,R_0402_1005Metric,Panasonic,ERJ-2RKF1002X,,RES SMD 10k OHM 1% 1/10W 0402,https://industrial.panasonic.com/cdbs/www-data/pdf/RDA0000/AOA0000C304.pdf,I2C GPIO,STD
R202,1,4.7k,4.7k 1% 1/10W 0402,R_0402_1005Metric,Panasonic,ERJ-2RKF4701X,,RES SMD 4.7k OHM 1% 1/10W 0402,https://industrial.panasonic.com/cdbs/www-data/pdf/RDA0000/AOA0000C304.pdf,I2C Buffer,STD
R203,1,4.7k,4.7k 1% 1/10W 0402,R_0402_1005Metric,Panasonic,ERJ-2RKF4701X,,RES SMD 4.7k OHM 1% 1/10W 0402,https://industrial.panasonic.com/cdbs/www-data/pdf/RDA0000/AOA0000C304.pdf,I2C Buffer,STD
R204,1,10k,10k 1% 1/10W 0402,R_0402_1005Metric,Panasonic,ERJ-2RKF1002X,,RES SMD 10k OHM 1% 1/10W 0402,https://industrial.panasonic.com/cdbs/www-data/pdf/RDA0000/AOA0000C304.pdf,SPI Peripherals,STD
R205,1,10k,10k 1% 1/10W 0402,R_0402_1005Metric,Panasonic,ERJ-2RKF1002X,,RES SMD 10k OHM 1% 1/10W 0402,https://industrial.panasonic.com/cdbs/www-data/pdf/RDA0000/AOA0000C304.pdf,SPI Peripherals,STD
R206,1,10k,10k 1% 1/10W 0402,R_0402_1005Metric,Panasonic,ERJ-2RKF1002X,,RES SMD 10k OHM 1% 1/10W 0402,https://industrial.panasonic.com/cdbs/www-data/pdf/RDA0000/AOA0000C304.pdf,SPI Peripherals,STD
R207,1,10k,10k 1% 1/10W 0402,R_0402_1005Metric,Panasonic,ERJ-2RKF1002X,,RES SMD 10k OHM 1% 1/10W 0402,https://industrial.panasonic.com/cdbs/www-data/pdf/RDA0000/AOA0000C304.pdf,SPI Peripherals,STD
R208,1,10k,10k 1% 1/10W 0402,R_0402_1005Metric,Panasonic,ERJ-2RKF1002X,,RES SMD 10k OHM 1% 1/10W 0402,https://industrial.panasonic.com/cdbs/www-data/pdf/RDA0000/AOA0000C304.pdf,SPI Peripherals,STD
R209,1,10k,10k 1% 1/10W 0402,R_0402_1005Metric,Panasonic,ERJ-2RKF1002X,,RES SMD 10k OHM 1% 1/10W 0402,https://industrial.panasonic.com/cdbs/www-data/pdf/RDA0000/AOA0000C304.pdf,SPI Peripherals,STD
R210,1,22,22 1% 1/10W 0402,R_0402_1005Metric,Panasonic,ERJ-2RKF22R0X,,RES SMD 22 OHM 1% 1/10W 0402,https://industrial.panasonic.com/cdbs/www-data/pdf/RDA0000/AOA0000C304.pdf,SPI Peripherals,STD
R211,1,22,22 1% 1/10W 0402,R_0402_1005Metric,Panasonic,ERJ-2RKF22R0X,,RES SMD 22 OHM 1% 1/10W 0402,https://industrial.panasonic.com/cdbs/www-data/pdf/RDA0000/AOA0000C304.pdf,SPI Peripherals,STD
R212,1,10k,10k 1% 1/10W 0402,R_0402_1005Metric,Panasonic,ERJ-2RKF1002X,,RES SMD 10k OHM 1% 1/10W 0402,https://industrial.panasonic.com/cdbs/www-data/pdf/RDA0000/AOA0000C304.pdf,SPI Peripherals,STD
R213,1,100k,100k 1% 1/10W 0402,R_0402_1005Metric,Panasonic,ERJ-2RKF1003X,,RES SMD 100k OHM 1% 1/10W 0402,https://industrial.panasonic.com/cdbs/www-data/pdf/RDA0000/AOA0000C304.pdf,WDT,STD
TP1,1,TestPoint,TestPoint,,,,,test point,,Connectors,KEEP
U1,1,TPD4EUSB30,TPD4EUSB30,10-USON,Texas Instruments,TPD4EUSB30DQAR,296-28063-2-ND,TVS DIODE 5.5VWM 8VC 10USON,https://www.ti.com/general/docs/suppproductinfo.tsp?distId=10&gotoUrl=https%3A%2F%2Fwww.ti.com%2Flit%2Fgpn%2Ftpd4eusb30,Ethernet Input,KEEP
U2,1,LMV393,LMV393,,,LMV393,,"Dual General-Purpose Low-Voltage Comparator, SOIC-8/TSSOP-8/VSSOP-8",http://www.ti.com/lit/ds/symlink/lmv331.pdf,PoE,MPN-FROM-VALUE
U3,1,BC846BPDW1T1G,BC846BPDW1T1G,SOT-363,ON Semiconductor,BC846BPDW1T1G,BC846BPDW1T1GOSTR-ND,TRANS NPN/PNP 65V 0.1A SC88/SC70,https://www.onsemi.com/pdf/datasheet/bc846bpdw1t1-d.pdf,PoE,KEEP
U4,1,BC846BPDW1T1G,BC846BPDW1T1G,SOT-363,ON Semiconductor,BC846BPDW1T1G,BC846BPDW1T1GOSTR-ND,TRANS NPN/PNP 65V 0.1A SC88/SC70,https://www.onsemi.com/pdf/datasheet/bc846bpdw1t1-d.pdf,PoE,KEEP
U5,1,BC846BPDW1T1G,BC846BPDW1T1G,SOT-363,ON Semiconductor,BC846BPDW1T1G,BC846BPDW1T1GOSTR-ND,TRANS NPN/PNP 65V 0.1A SC88/SC70,https://www.onsemi.com/pdf/datasheet/bc846bpdw1t1-d.pdf,PoE,KEEP
U6,1,BC846BPDW1T1G,BC846BPDW1T1G,SOT-363,ON Semiconductor,BC846BPDW1T1G,BC846BPDW1T1GOSTR-ND,TRANS NPN/PNP 65V 0.1A SC88/SC70,https://www.onsemi.com/pdf/datasheet/bc846bpdw1t1-d.pdf,PoE,KEEP
U7,1,FDMQ8205A,FDMQ8205A_1,12-MLP,On Semiconductor,FDMQ8205A,FDMQ8205AOSTR-ND,GREENBRIDGETM 2 SERIES OF HIGH-E,https://www.onsemi.com/pdf/datasheet/fdmq8205a-d.pdf,PoE,KEEP
U8,1,FDMQ8205A,FDMQ8205A_1,12-MLP,On Semiconductor,FDMQ8205A,FDMQ8205AOSTR-ND,GREENBRIDGETM 2 SERIES OF HIGH-E,https://www.onsemi.com/pdf/datasheet/fdmq8205a-d.pdf,PoE,KEEP
U9,1,NCP1095DBR2,NCP1095DBR2,16-TSSOP,onsemi,NCP1095DBR2,NCP1095DBR2OSTR-ND,IC POE CNTRL 1 CHANNEL 16TSSOP,https://www.onsemi.com/pdf/datasheet/ncp1095-d.pdf,PoE,KEEP
U10,1,INA228AQDGSRQ1,INA228AQDGSRQ1,VSSOP10_DGS_TEX,,INA228AQDGSRQ1,,INA228AQDGSRQ1,https://www.ti.com/lit/gpn/ina228-q1,PoE,MPN-FROM-VALUE
U11,1,LAN8742AI-CZ-TR,LAN8742AI-CZ-TR,LAN8742AI-CZ-TR:QFN50P400X400X100-25N,Microchip,LAN8742AI-CZ-TR,,LAN8742AI-CZ-TR,,Ethernet PHY,MPN-FROM-VALUE
U12,1,STM32H563VIT6,STM32H563VIT6,100-LQFP,STMicroelectronics,STM32H563VIT6,497-STM32H563VIT6-ND,IC MCU 32BIT 2MB FLASH 100LQFP,https://www.st.com/resource/en/datasheet/stm32h562ag.pdf,STM32,KEEP
U13,1,LT3045xDD,LT3045xDD,Package_DFN_QFN:DFN-10-1EP_3x3mm_P0.5mm_EP1.65x2.38mm,,LT3045xDD,,"500mA, Adjustable, Ultralow Noise, Ultrahigh PSRR Linear Regulator, DFN-10",https://www.analog.com/media/en/technical-documentation/data-sheets/3045fa.pdf,STM32,MPN-FROM-VALUE
U14,1,MCP1502T-33E/CHY,MCP1502,SOT-23-6,,MCP1502T-33E/CHY,,IC VREF SERIES 3.3V SOT23-6,https://ww1.microchip.com/downloads/aemDocuments/documents/MSLD/ProductDocuments/DataSheets/MCP1502-Data-Sheet-20006593B.pdf,STM32,MPN-FROM-VALUE
U15,1,TPD4E02B04DQAR,TPD4E02B04DQAR,DQA0010A,,TPD4E02B04DQAR,,TPD4E02B04DQAR,https://www.ti.com/lit/gpn/tpd4e02b04,Connectors,MPN-FROM-VALUE
U16,1,TPD4E02B04DQAR,TPD4E02B04DQAR,DQA0010A,,TPD4E02B04DQAR,,TPD4E02B04DQAR,https://www.ti.com/lit/gpn/tpd4e02b04,Connectors,MPN-FROM-VALUE
U17,1,TPD4E05U06DQAR,TPD4E05U06DQAR,DQA0010A,,TPD4E05U06DQAR,,TPD4E05U06DQAR,https://www.ti.com/lit/gpn/tpd4e05u06,Connectors,MPN-FROM-VALUE
U18,1,TPD4E05U06DQAR,TPD4E05U06DQAR,DQA0010A,,TPD4E05U06DQAR,,TPD4E05U06DQAR,https://www.ti.com/lit/gpn/tpd4e05u06,Connectors,MPN-FROM-VALUE
U19,1,TPD4E02B04DQAR,TPD4E02B04DQAR,DQA0010A,,TPD4E02B04DQAR,,TPD4E02B04DQAR,https://www.ti.com/lit/gpn/tpd4e02b04,Connectors,MPN-FROM-VALUE
U20,1,TPD4E02B04DQAR,TPD4E02B04DQAR,DQA0010A,,TPD4E02B04DQAR,,TPD4E02B04DQAR,https://www.ti.com/lit/gpn/tpd4e02b04,Connectors,MPN-FROM-VALUE
U21,1,ZED-F9T-00B,ZED-F9T-00B,ZED-F9T-00B:MODULE_ZED-F9T-00B,U-Blox,ZED-F9T-00B,,ZED-F9T-00B,,GPS,MPN-FROM-VALUE
U22,1,LT3045xDD,LT3045xDD,Package_DFN_QFN:DFN-10-1EP_3x3mm_P0.5mm_EP1.65x2.38mm,,LT3045xDD,,"500mA, Adjustable, Ultralow Noise, Ultrahigh PSRR Linear Regulator, DFN-10",https://www.analog.com/media/en/technical-documentation/data-sheets/3045fa.pdf,GPS,MPN-FROM-VALUE
U23,1,INA228AQDGSRQ1,INA228AQDGSRQ1,VSSOP10_DGS_TEX,,INA228AQDGSRQ1,,INA228AQDGSRQ1,https://www.ti.com/lit/gpn/ina228-q1,GPS,MPN-FROM-VALUE
U24,1,INA181A1IDBVR,INA181A1IDBVR,DBV0006A_N,,INA181A1IDBVR,,INA181A1IDBVR,https://www.ti.com/lit/gpn/ina181,GPS Antenna,MPN-FROM-VALUE
U25,1,LMV393,LMV393,,,LMV393,,"Dual General-Purpose Low-Voltage Comparator, SOIC-8/TSSOP-8/VSSOP-8",http://www.ti.com/lit/ds/symlink/lmv331.pdf,GPS Antenna,MPN-FROM-VALUE
U26,1,INA228AQDGSRQ1,INA228AQDGSRQ1,VSSOP10_DGS_TEX,,INA228AQDGSRQ1,,INA228AQDGSRQ1,https://www.ti.com/lit/gpn/ina228-q1,GPS Antenna,MPN-FROM-VALUE
U27,1,RT9742VGJ5,RT9742GGJ5,TSOT-23-5,Richtek USA Inc.,RT9742VGJ5,1028-RT9742VGJ5TR-ND,70M/55M POWER SWITCH TSOT-25,https://www.richtek.com/SaveDownload.aspx?specid=RT9742,GPS Antenna,KEEP
U28,1,MIC28516T-E/PHA,MIC28516T-E_PHA,32-PowerVQFN,Microchip Technology,MIC28516T-E/PHA,150-MIC28516T-E/PHATR-ND,IC REG BUCK ADJ 8A 32VQFN,https://ww1.microchip.com/downloads/aemDocuments/documents/APID/ProductDocuments/DataSheets/MIC28516-Data-Sheet-DS20006315.pdf,5V/3.3V Main Power Supply,KEEP
U29,1,AP3441SHE-7B,AP3441SHE-7B,8-UFDFN (Exposed Pad),Diodes Incorporated,AP3441SHE-7B,AP3441SHE-7BDITR-ND,IC REG BUCK ADJ 3A UDFN20208,https://www.diodes.com/assets/Datasheets/AP3441-L.pdf,5V/3.3V Main Power Supply,KEEP
U30,1,INA228AQDGSRQ1,INA228AQDGSRQ1,VSSOP10_DGS_TEX,,INA228AQDGSRQ1,,INA228AQDGSRQ1,https://www.ti.com/lit/gpn/ina228-q1,5V/3.3V Main Power Supply,MPN-FROM-VALUE
U31,1,INA228AQDGSRQ1,INA228AQDGSRQ1,VSSOP10_DGS_TEX,,INA228AQDGSRQ1,,INA228AQDGSRQ1,https://www.ti.com/lit/gpn/ina228-q1,5V/3.3V Main Power Supply,MPN-FROM-VALUE
U32,1,INA228AQDGSRQ1,INA228AQDGSRQ1,VSSOP10_DGS_TEX,,INA228AQDGSRQ1,,INA228AQDGSRQ1,https://www.ti.com/lit/gpn/ina228-q1,5V/3.3V Main Power Supply,MPN-FROM-VALUE
U33,1,RT9742VGJ5,RT9742GGJ5,TSOT-23-5,Richtek USA Inc.,RT9742VGJ5,1028-RT9742VGJ5TR-ND,70M/55M POWER SWITCH TSOT-25,https://www.richtek.com/SaveDownload.aspx?specid=RT9742,5V/3.3V Main Power Supply,KEEP
U34,1,TPS61094DSSR,TPS61094DSSR,TPS61094DSSR:SON50P300X200X80-13N,Texas Instruments,TPS61094DSSR,,TPS61094DSSR,,Battery Backup Supplies,MPN-FROM-VALUE
U35,1,TPS61094DSSR,TPS61094DSSR,TPS61094DSSR:SON50P300X200X80-13N,Texas Instruments,TPS61094DSSR,,TPS61094DSSR,,Battery Backup Supplies,MPN-FROM-VALUE
U36,1,OPA320AIDBVT,OPA320AIDBVT,OPA320AIDBVT:SOT95P280X145-5N,,OPA320AIDBVT,,OPA320AIDBVT,,OCXO,MPN-FROM-VALUE
U37,1,INA228AQDGSRQ1,INA228AQDGSRQ1,VSSOP10_DGS_TEX,,INA228AQDGSRQ1,,INA228AQDGSRQ1,https://www.ti.com/lit/gpn/ina228-q1,OCXO,MPN-FROM-VALUE
U38,1,AP3441SHE-7B,AP3441SHE-7B,8-UFDFN (Exposed Pad),Diodes Incorporated,AP3441SHE-7B,AP3441SHE-7BDITR-ND,IC REG BUCK ADJ 3A UDFN20208,https://www.diodes.com/assets/Datasheets/AP3441-L.pdf,OCXO,KEEP
U39,1,TPS7A5201QRGRRQ1,TPS7A5201QRGRRQ1,RGR20_2P05X2P05_TEX,,TPS7A5201QRGRRQ1,,TPS7A5201QRGRRQ1,https://www.ti.com/lit/gpn/tps7a52-q1,OCXO,MPN-FROM-VALUE
U40,1,MIC28516T-E/PHA,MIC28516T-E_PHA,32-PowerVQFN,Microchip Technology,MIC28516T-E/PHA,150-MIC28516T-E/PHATR-ND,IC REG BUCK ADJ 8A 32VQFN,https://ww1.microchip.com/downloads/aemDocuments/documents/APID/ProductDocuments/DataSheets/MIC28516-Data-Sheet-DS20006315.pdf,Rb Power,KEEP
U41,1,LMV393,LMV393,,,LMV393,,"Dual General-Purpose Low-Voltage Comparator, SOIC-8/TSSOP-8/VSSOP-8",http://www.ti.com/lit/ds/symlink/lmv331.pdf,Rb Power,MPN-FROM-VALUE
U42,1,OPA320AIDBVT,OPA320AIDBVT,OPA320AIDBVT:SOT95P280X145-5N,,OPA320AIDBVT,,OPA320AIDBVT,,Rb Power,MPN-FROM-VALUE
U43,1,MCP41U83T-503E/ST,MCP41U83x-xxxx-ST,Package_SO:TSSOP-14_4.4x5mm_P0.65mm,,MCP41U83T-503E/ST,,"10-bit single-channel digital potentiometer, I2C / SPI interface, MTP memory, TSSOP-14",https://ww1.microchip.com/downloads/aemDocuments/documents/APID/ProductDocuments/DataSheets/MCP41U83-Data-Sheet-DS20007000.pdf,Rb Power,MPN-FROM-VALUE
U44,1,INA228AQDGSRQ1,INA228AQDGSRQ1,VSSOP10_DGS_TEX,,INA228AQDGSRQ1,,INA228AQDGSRQ1,https://www.ti.com/lit/gpn/ina228-q1,Rb Power,MPN-FROM-VALUE
U45,1,MCP1502T-40E/CHY,MCP1502,SOT-23-6,,MCP1502T-40E/CHY,,IC VREF SERIES 3.3V SOT23-6,https://ww1.microchip.com/downloads/aemDocuments/documents/MSLD/ProductDocuments/DataSheets/MCP1502-Data-Sheet-20006593B.pdf,Rb Power,MPN-FROM-VALUE
U46,1,SN65C3221EPWR,SN65C3221EPWR,SN65C3221EPWR:SOP65P640X120-16N,,SN65C3221EPWR,,SN65C3221EPWR,,Rb IO,MPN-FROM-VALUE
U47,1,PESD15VL2BT,PESD15VL2BT,TO-236AB,Nexperia USA Inc.,"PESD15VL2BT,215",1727-3813-2-ND,TVS DIODE 15VWM 44VC TO236AB,https://assets.nexperia.com/documents/data-sheet/PESD15VL2BT.pdf,Rb IO,KEEP
U48,1,APC-817C1,APC-817C1-SL,4-SMD,American Bright Optoelectronics Corporation,APC-817C1-SL,2007-APC-817C1-SLCT-ND,OPTOISOLATOR 5KV 1CH TRANS 4-SMD,https://www.americanbrightled.com/pdffiles/ir-uv/ir/APC-817.pdf,Rb IO,KEEP
U49,1,TMUX1101DCK,TMUX1101DCK,Package_TO_SOT_SMD:SOT-353_SC-70-5,,TMUX1101DCK,,"SPST Analog Switch, 1.08V to 5.5V Supply, 3pA Leakage Current, Normally OFF, 1.8Ohm Ron, SC-70",https://www.ti.com/lit/ds/symlink/tmux1101.pdf,Refrence Clock Input,MPN-FROM-VALUE
U50,1,LTC6752xS5,LTC6752xS5,Package_TO_SOT_SMD:TSOT-23-5,,LTC6752xS5,,"Single 280Mhz 2.9ns Comparator, Rail-to-Rail Inputs, CMOS Output, TSOT-23-5",https://www.analog.com/media/en/technical-documentation/data-sheets/6752fc.pdf,Refrence Clock Input,MPN-FROM-VALUE
U51,1,LT3045xDD,LT3045xDD,Package_DFN_QFN:DFN-10-1EP_3x3mm_P0.5mm_EP1.65x2.38mm,,LT3045xDD,,"500mA, Adjustable, Ultralow Noise, Ultrahigh PSRR Linear Regulator, DFN-10",https://www.analog.com/media/en/technical-documentation/data-sheets/3045fa.pdf,Refrence Clock Input,MPN-FROM-VALUE
U52,1,74LVC1G157GW-Q100H,74LVC1G157GW-Q100H,SC-74_TSOP6_SOT457_NEX,,74LVC1G157GW-Q100H,,74LVC1G157GW-Q100H,74LVC1G157GW-Q100H,Clock MUX,MPN-FROM-VALUE
U53,1,74LVC1G34,74LVC1G34,,,74LVC1G34,,"Single Buffer Gate, Low-Voltage CMOS",https://www.ti.com/lit/ds/symlink/sn74lvc1g34.pdf,Clock MUX,MPN-FROM-VALUE
U54,1,MCP23017T-E/ML,MCP23017x-x-ML,Package_DFN_QFN:QFN-28-1EP_6x6mm_P0.65mm_EP4.25x4.25mm,,MCP23017T-E/ML,,"16-bit I/O expander, I2C, interrupts, w pull-ups, GPA7/GPB7 output only (https://microchip.my.site.com/s/article/GPA7---GPB7-Cannot-Be-Used-as-Inputs-In-MCP23017), QFN-28",https://ww1.microchip.com/downloads/aemDocuments/documents/APID/ProductDocuments/DataSheets/MCP23017-Data-Sheet-DS20001952.pdf,I2C GPIO,MPN-FROM-VALUE
U55,1,MCP23017T-E/ML,MCP23017x-x-ML,Package_DFN_QFN:QFN-28-1EP_6x6mm_P0.65mm_EP4.25x4.25mm,,MCP23017T-E/ML,,"16-bit I/O expander, I2C, interrupts, w pull-ups, GPA7/GPB7 output only (https://microchip.my.site.com/s/article/GPA7---GPB7-Cannot-Be-Used-as-Inputs-In-MCP23017), QFN-28",https://ww1.microchip.com/downloads/aemDocuments/documents/APID/ProductDocuments/DataSheets/MCP23017-Data-Sheet-DS20001952.pdf,I2C GPIO,MPN-FROM-VALUE
U56,1,LTC4311ISC6-TRPBF,LTC4311ISC6-TRPBF,SOT-6_SC_LIT,,LTC4311ISC6-TRPBF,,LTC4311ISC6-TRPBF,https://www.analog.com/media/en/technical-documentation/data-sheets/4311fa.pdf,I2C Buffer,MPN-FROM-VALUE
U57,1,TMP117xxDRV,TMP117xxDRV,Package_SON:WSON-6-1EP_2x2mm_P0.65mm_EP1x1.6mm,,TMP117xxDRV,,"Digital Temperature Sensor with I2C/SMBus Interface, 16 bits, Â±0.3Â°C, one-shot conversion, alert, nist traceable, EEPROM, WSON",https://www.ti.com/lit/ds/symlink/tmp117.pdf,I2C Peripherals,MPN-FROM-VALUE
U58,1,TMP117xxDRV,TMP117xxDRV,Package_SON:WSON-6-1EP_2x2mm_P0.65mm_EP1x1.6mm,,TMP117xxDRV,,"Digital Temperature Sensor with I2C/SMBus Interface, 16 bits, Â±0.3Â°C, one-shot conversion, alert, nist traceable, EEPROM, WSON",https://www.ti.com/lit/ds/symlink/tmp117.pdf,I2C Peripherals,MPN-FROM-VALUE
U59,1,LIS2DH12TR,LIS2DH12TR,LGA-12_STM,,LIS2DH12TR,,LIS2DH12TR,https://www.st.com/resource/en/datasheet/lis2dh12.pdf,I2C Peripherals,MPN-FROM-VALUE
U60,1,ATECC608B-SSHDA,ATECC608B-SSHDA,Package_SO:SOIC-8_3.9x4.9mm_P1.27mm,,ATECC608B-SSHDA,,"Cryptographic Co-Processor with Secure Hardware-based 16 Key Storage, ECDSA and ECDH support, I2C, SOIC-8",https://ww1.microchip.com/downloads/aemDocuments/documents/SCBU/ProductDocuments/DataSheets/ATECC608B-CryptoAuthentication-Device-Summary-Data-Sheet-DS40002239B.pdf,I2C Peripherals,MPN-FROM-VALUE
U61,1,IIS2MDCTR,IIS2MDCTR,LGA-12_2X2X0P7_STM,,IIS2MDCTR,,IIS2MDCTR,https://www.st.com/resource/en/datasheet/iis2mdc.pdf,I2C Peripherals,MPN-FROM-VALUE
U62,1,MX25L25645GM2I-08G,MX25L25645GM2I-08G,,,MX25L25645GM2I-08G,,MX25L25645GM2I-08G,,SPI Peripherals,MPN-FROM-VALUE
U63,1,PCA9306DCTT,PCA9306DCTT,DCT8,,PCA9306DCTT,,PCA9306DCTT,https://www.ti.com/lit/gpn/pca9306,SPI Peripherals,MPN-FROM-VALUE
U64,1,TPS3430WDRC,TPS3430WDRC,Package_SON:VSON-10-1EP_3x3mm_P0.5mm_EP1.65x2.4mm,,TPS3430WDRC,,Window watchdog timer with programmable reset delay,https://www.ti.com/lit/gpn/TPS3430,WDT,MPN-FROM-VALUE
Y1,1,25MHz,Crystal,,CTS-Frequency Controls,445I23E25M00000,110-445I23E25M00000CT-ND,CRYSTAL 25.0000MHZ 20PF SMD,https://mm.digikey.com/Volume0/opasdata/d220001/medias/docus/6710/445I23D25M00000.pdf,Ethernet PHY,KEEP
Y2,1,32.768kHz,Crystal,,Abracon LLC,ABS07-32.768KHZ-T,535-9542-1-ND,CRYSTAL 32.7680KHZ 12.5PF SMD,https://abracon.com/Resonators/ABS07.pdf,STM32,KEEP
Y3,1,OH300,OH300,Oscillator:Oscillator_SMD_OCXO_ConnorWinfield_OH300,Connor Winfield,OH300-61003CV-010.0M,CW752CT-ND,XTAL OSC VCOCXO 10.0000MHZ CMOS,http://www.conwin.com/datasheets/cx/cx210.pdf,OCXO,KEEP
